S1-42502314	S2-805973378,S2-791975914,S3-997439599,S2-55028113,S3-264667353,S2-624922274,S2-769932663,S2-394211930,S2-758599296,S2-985021629,S2-597896095,S2-359290170,S2-753105095,S3-162803725,S3-427294918,S3-546880714,S2-637344259,S2-714448137,S2-683187927,S3-762299169,S3-405193253,S2-62532343,S2-585467357,S2-474192966,S2-14452964,S2-761659313,S2-893183220,S2-379580348,S2-660698308,S2-643927638,S3-708718822,S3-683370496,S3-239027294,S2-896049191,S2-201899651,S3-469789067,S2-24603100,S2-285141376,S2-570852359,S2-626418477,S2-560560361,S2-978077343,S2-687671803,S2-972830914,S2-324377984,S2-85279256,S2-732396744,S2-661986230,S2-426336620,S2-863381906,S3-614711285,S3-650074594,S3-210427346,S3-321353243,S3-941724222,S3-562779727,S3-854867218,S3-67148044,S3-677198537,S3-215268144,S2-997983874,S2-209374167,S2-655023313,S2-298876821
S1-317114355	S2-547343729,S2-605047420,S3-220189324,S2-814329957,S2-235064343,S2-509767197,S2-56214798,S3-939839511,S2-432541719,S3-288468837,S3-592125532,S2-806033227,S3-223565635,S3-210426426,S2-731496123,S2-507049624,S2-444466719,S2-564496981,S2-470255320,S2-60924235,S2-134850057,S3-166168527,S3-150139101,S2-496432779,S2-591875242,S2-806872120,S3-189219011,S2-2419327,S2-155302717,S2-968855920,S2-51665623,S2-262598285,S2-809289664,S2-936666408,S2-475726458,S3-621967094,S3-911826529,S2-576337496,S2-122306036,S2-377217456,S3-117344496,S3-214014792,S3-307913686,S3-558559528,S3-494614554,S3-633045289,S3-535287622,S3-55841751,S2-953428548,S2-938076391,S3-706735028,S3-152263170,S3-789456228,S3-433135682,S3-260177181,S3-84137659,S3-716380947,S3-228744832,S3-982939094,S3-393386558,S3-993900645,S3-156689150,S3-56541273,S3-999885586
S1-334574390	S2-136029320,S3-463294876,S3-672936869,S2-728457224,S2-933342629,S3-165022101,S3-290969997,S2-447410245,S3-333397686,S2-818129818,S2-172808655,S2-148311868,S2-447094779,S2-143418599,S2-415741453,S2-513655528,S2-89188692,S3-149287582,S3-754213506,S3-459334121,S2-750323295,S2-438115085,S2-52691480,S2-764096504,S2-990228897,S2-387373920,S3-155285775,S2-955703683,S2-211043553,S2-657219857,S2-6341176,S2-613581143,S2-407086719,S2-185114664,S2-434717927,S2-336786240,S2-504003174,S2-854275554,S2-297584932,S2-372104577,S2-282390361,S2-21194948,S3-197275290,S3-369993137,S3-998885312,S3-498698013,S3-561064531,S3-179379158,S3-891838975,S3-172206468,S3-253804722,S3-477416585,S3-721849469,S3-830900732,S2-538408685,S2-802472064,S2-722461039,S2-893859961,S2-804251881,S2-54470384,S2-645239728,S2-15554126,S3-61338387,S3-867476422
S1-649110450	S2-959401357,S3-703016194,S3-218837713,S3-154145893,S2-41552331,S2-994320676,S2-929671415,S2-358749404,S3-426450161,S3-925708193,S3-251150544,S3-449922667,S2-62557454,S3-545689238,S3-519558275,S3-149608601,S3-521007228,S3-312897577,S3-97678234,S3-668834916,S3-837113684,S3-522735836,S2-457076094,S2-722076075,S2-381824090,S2-752359756,S2-727067401,S2-229202488,S2-65756167,S3-356471568,S2-727879675,S3-650086492,S3-987427220,S3-674375799,S2-361859801,S2-656258630,S3-922000475,S3-188329715,S2-836247419,S3-620704445,S2-506427713,S2-782465610,S3-61295331,S3-363874614,S3-739470987,S3-393754789,S2-261136397,S3-229102940,S3-965504995,S2-610172874,S2-698949871,S2-850354002,S3-764916247,S2-470815881,S2-976419061,S2-750779076,S2-536789761,S2-814659940,S2-450424575,S2-956368080,S2-757233047,S3-242059375,S2-10308399,S3-160174028
S1-533417053	S2-891850639,S2-717502840,S3-603595544,S2-275528779,S3-367917299,S3-663983412,S2-593924090,S2-881343940,S2-636824018,S2-22165567,S2-213743718,S2-721565190,S2-413419020,S2-136875272,S2-761523585,S2-969529352,S2-548572209,S2-864860698,S2-254776666,S2-242796774,S2-893811871,S2-523327640,S2-86429382,S2-450856688,S2-216979511,S2-91688975,S2-644127300,S2-222292497,S2-397878813,S2-223801317,S2-630304790,S2-341181682,S2-196412074,S2-686658815,S2-722907765,S2-420760009,S2-750364726,S2-371984374,S2-762114457,S2-781949746,S2-439992917,S2-924551459,S2-206706537,S3-254734349,S3-789642262,S3-767473821,S3-777653762,S3-539712211,S3-87433654,S3-231230698,S3-625487163,S3-777885089,S3-457912104,S3-332258759,S3-492273409,S3-388742317,S3-934615001,S3-791166920,S3-284077830,S3-202642516,S3-781853490,S3-185907956,S3-291198439,S3-990697546
S1-152550844	S3-509245051,S3-259948008,S3-611297391,S3-348122537,S3-359392753,S2-945750545,S2-918620159,S2-919361216,S3-96077008,S3-737907912,S3-830890829,S2-585007404,S2-958511843,S3-205221917,S3-812449329,S3-352495710,S3-66076595,S2-858154660,S2-871702698,S3-607672114,S2-381519813,S2-741043320,S2-997049600,S2-787745784,S2-386461842,S2-862395092,S2-680898798,S2-462247760,S2-170339497,S2-192632093,S2-365856393,S3-174564620,S2-649131457,S3-656313375,S2-953685788,S3-997994975,S2-916895448,S2-335189004,S2-566176069,S2-248534620,S2-621169399,S2-841699078,S2-42213622,S2-343193549,S2-292005105,S3-712668413,S3-963735024,S2-753836611,S2-776277954,S2-987381097,S2-930473903,S2-66720829,S3-312940762,S3-66193681,S2-405201134,S3-424582455,S3-440739383,S2-562068280,S3-314884692,S2-634369749,S2-533220934,S2-592346719,S2-865290869,S2-218744592
S1-643493833	S3-992621756,S3-85298591,S3-104805412,S2-460957855,S3-644928019,S2-673511301,S3-204004422,S2-375267221,S3-217996281,S3-48490659,S3-75919331,S2-365166131,S2-664192533,S3-721089190,S3-788604243,S3-75624273,S3-387760221,S3-432060358,S3-275058658,S3-904334313,S3-107815985,S3-600596740,S3-884813058,S3-857017872,S3-619571173,S3-986879160,S3-339864803,S3-539312217,S3-762954242,S3-143804176,S2-922038077,S2-863660581,S2-536621467,S2-874569599,S2-476781525,S2-874109230,S3-137855390,S3-134613126,S2-703478221,S2-8801335,S2-624612599,S2-494474558,S2-636861226,S2-485084443,S2-351193056,S2-791253286,S2-968796044,S2-934041125,S2-137239366,S2-335236063,S2-402492019,S2-296537462,S2-919679941,S2-616816842,S2-997372278,S2-118484519,S2-399412285,S3-448638902,S2-26531177,S2-321698521,S2-547619468,S3-272371839,S3-511479853,S2-910706830
S1-734921625	S2-395968980,S2-258649946,S3-508957147,S2-812284224,S2-569589359,S2-77961602,S2-592425930,S2-970919070,S3-148005864,S3-872004301,S2-748707067,S2-205945857,S2-994797034,S2-918194140,S3-434317753,S3-765379426,S3-906227292,S3-340798805,S3-344588308,S2-32612257,S2-595756658,S2-886877109,S2-433201823,S2-393374985,S2-156906625,S2-154979502,S2-806115504,S2-571822631,S2-505652326,S3-536680130,S2-378790577,S2-706032100,S2-973260280,S2-667194297,S2-334656362,S2-311578962,S2-123799843,S3-275127317,S2-949682288,S3-711351024,S3-607853382,S3-904870312,S3-787175187,S2-6256721,S3-462009990,S3-545742512,S2-415439684,S2-162535829,S2-299765547,S2-213129129,S2-403079746,S3-980910288,S3-230481907,S2-227617437,S2-34564834,S2-917038138,S2-431503776,S2-543700431,S2-407628193,S2-638851303,S2-716588952,S2-727374245,S2-27405533,S2-639566388
S1-68108533	S2-638829953,S2-693718688,S3-805756321,S2-536137165,S2-615724990,S3-313162992,S3-401158809,S2-662875448,S2-186035361,S3-107687346,S3-362141957,S2-923063823,S2-469025106,S2-798474496,S2-306565131,S2-532212455,S3-138465333,S3-170866209,S2-593672678,S2-294557121,S2-701741111,S3-271342661,S2-13153302,S2-51180462,S2-364914868,S2-555008361,S2-345994705,S3-548198396,S3-937615941,S3-257173371,S3-228701048,S3-516609563,S3-186964261,S2-548651406,S2-594062750,S2-189526442,S3-72412464,S3-546046100,S3-353254271,S2-864460817,S3-417993130,S2-432747962,S2-960151265,S2-552212471,S2-304792265,S2-721293804,S3-107601920,S2-658243795,S3-463223746,S3-288662899,S3-17002958,S2-607006350,S3-845025773,S2-258009104,S2-69905754,S2-534546719,S2-796073765,S2-789488737,S3-968110726,S3-478057222,S3-503554783,S2-596885450,S2-994002473,S2-765719180
S1-789286562	S3-858211493,S2-135641356,S2-496571830,S2-562106104,S3-338322650,S2-541680965,S2-676936278,S2-604024033,S2-129994879,S2-190173556,S2-50813539,S2-679545049,S2-361139449,S3-896165752,S3-148715054,S3-862773078,S2-277683451,S2-891062598,S2-78990969,S2-644048110,S2-638926816,S2-299927538,S2-120723306,S2-430281763,S2-148603549,S2-545805400,S2-507831540,S2-656977238,S2-266217784,S2-509922423,S2-740509851,S2-85840737,S2-241778881,S2-793921185,S2-363869450,S2-478063541,S2-215209963,S2-628104262,S2-835006385,S2-810717000,S2-936760249,S2-793082536,S2-191283518,S2-442928875,S3-833619335,S3-677973196,S2-913403524,S2-171354218,S2-89166233,S2-917656790,S2-323937790,S2-930898353,S2-317569034,S2-437726824,S2-283593266,S2-552803701,S2-733183556,S2-420302560,S2-45833518,S2-44633852,S2-705305194,S2-738844623,S2-369754078,S2-158281888
S1-493735795	S2-424809744,S2-315173588,S2-626656210,S3-702018706,S3-959940173,S2-714580426,S2-478127654,S2-670401803,S2-880088131,S2-968975840,S3-619567662,S2-24727344,S2-611892787,S3-7003836,S3-702207312,S2-20091273,S2-982929238,S2-283716988,S3-443376743,S2-222132256,S2-557639097,S2-931514658,S2-407264031,S2-358458182,S2-771769246,S2-835180703,S2-778458144,S2-868842288,S2-901356354,S2-38971883,S2-168602437,S2-106893848,S2-706781353,S2-610042643,S2-111420435,S2-293772016,S2-946420290,S2-493979384,S2-438514988,S2-744894245,S2-782849659,S2-729891135,S2-817535871,S2-397292203,S2-162072431,S2-89880697,S2-97630076,S2-854820405,S2-304372387,S2-906524325,S2-190812930,S2-179604489,S2-913324713,S2-184510464,S2-575171255,S2-409679071,S2-993940828,S2-489779749,S2-872903307,S2-67736712,S2-200707036,S2-891623086,S2-689141576,S2-866295644
S1-870309113	S3-907848864,S3-192165399,S3-200795467,S3-706760438,S2-575199441,S3-209924997,S3-153614493,S3-744963495,S3-837581109,S2-976911136,S2-272979251,S2-794486843,S2-43450207,S3-105472672,S3-344996894,S3-350610242,S3-967623254,S3-945626009,S2-265573176,S2-264742075,S3-344821494,S3-329016465,S2-739187426,S2-280884915,S2-883710312,S2-334902369,S2-395852128,S2-570875054,S2-583340620,S2-903475408,S2-108123124,S2-166150999,S2-359388216,S2-986265558,S2-285771760,S2-12455038,S2-421373357,S2-447139716,S2-377767190,S2-533435355,S2-997737458,S2-273418332,S2-407931225,S2-201761802,S2-32764198,S2-662444323,S2-258698084,S2-202485405,S2-199338576,S2-609921799,S2-47001004,S2-140938568,S2-854655570,S2-288861360,S2-78010893,S2-2767817,S2-497322896,S2-763067425,S2-960747415,S2-706366829,S2-501222047,S2-538016540,S2-207030382,S2-389297931
S1-755184527	S3-894213667,S3-349342382,S3-648093093,S2-521625017,S2-34510599,S2-415791871,S3-24196061,S2-623909984,S2-816740382,S3-289959242,S3-964800635,S2-300852540,S2-743690452,S2-246911025,S2-157625218,S2-642367039,S2-163281722,S2-359843955,S2-352577258,S2-109304448,S2-443056357,S2-573676147,S2-807022012,S2-41610596,S2-468533350,S2-24720996,S2-280089985,S3-260669777,S3-152098667,S3-666576920,S3-612475923,S3-594337430,S3-865584722,S2-579333672,S3-397929454,S3-464460865,S2-199667026,S2-774682702,S2-801529907,S2-600149893,S2-686795508,S2-162496445,S2-869232580,S2-602630160,S2-353022725,S2-34921689,S2-918054549,S3-647279613,S2-832563885,S2-418871346,S2-356795377,S2-38226779,S2-536680440,S2-634322341,S2-444938780,S2-654835859,S2-340677970,S2-363694397,S2-293453211,S2-121351717,S2-752564038,S2-498037883,S2-746617856,S2-5216777
S1-741750910	S2-139321804,S2-259968826,S3-440313609,S3-751629724,S3-525134353,S3-350581005,S2-688153891,S2-346140640,S2-102449220,S2-493531083,S2-68566227,S2-535022164,S2-801619634,S2-488736425,S2-582387137,S2-272859848,S2-995655808,S2-925344250,S3-101564303,S2-234474158,S3-823082508,S3-401106947,S2-461299905,S2-349322373,S2-805917499,S3-560331000,S2-578052013,S2-899810976,S2-851224804,S2-187517712,S2-164070202,S2-116836173,S2-872190373,S2-284528741,S2-591841369,S2-947721596,S2-964744786,S2-551681475,S2-329000078,S2-25539196,S2-353988212,S2-192900043,S2-794014089,S2-805723810,S2-56165417,S2-20106254,S2-284229655,S2-968010334,S2-966941714,S2-68044275,S2-300279787,S2-907027029,S2-838411962,S2-933478434,S2-301349933,S2-865819389,S2-843289611,S2-131804914,S2-928076263,S2-497719895,S2-538429687,S2-910113479,S2-784245675,S2-388363661
S1-396704474	S2-898635177,S2-306874514,S2-155620223,S2-765223950,S2-352833046,S3-395272294,S3-556010338,S3-918447553,S3-312129232,S3-829061676,S2-636049289,S2-929287098,S2-889486671,S2-197685309,S3-307544859,S2-197211061,S2-702953505,S2-870884051,S2-905898475,S3-121581045,S3-5669440,S3-372297162,S2-206412421,S2-490134049,S2-146448614,S2-514456993,S2-470107207,S2-668000624,S2-158808064,S2-967181344,S2-189083504,S2-262096082,S2-644756901,S2-917793503,S2-579042235,S2-175376091,S2-209148158,S2-387682358,S2-18364749,S2-733106524,S2-329331465,S2-184176143,S2-802823492,S2-285474117,S2-783604023,S2-990951843,S2-81490261,S2-715744037,S2-267112767,S2-4417005,S2-84847583,S2-127923249,S2-368332366,S3-572619439,S2-306741077,S2-567275684,S2-324296627,S2-541059057,S2-479473700,S2-885724566,S2-104922173,S2-379606865,S3-637933238,S3-194364864
S1-77449994	S2-259005526,S2-439800555,S2-881579349,S3-36626261,S2-548749009,S3-747480626,S3-64840700,S2-90416886,S2-476951462,S2-325131269,S2-835312429,S2-196417592,S2-851724271,S2-249128167,S2-743879559,S3-6318125,S3-102349605,S2-261028035,S2-11159773,S2-279655564,S3-855252909,S3-560048274,S2-21561297,S2-720172917,S2-504919214,S2-297542362,S2-956008757,S2-455589523,S2-147403584,S2-458721860,S2-705120424,S2-592468111,S2-583878805,S2-911009026,S2-858632554,S2-523253537,S2-678884675,S2-623743856,S2-566270000,S2-768450833,S2-68216823,S2-348804655,S2-323279469,S2-867853003,S2-565505466,S2-661200656,S2-263445912,S2-287785858,S2-278490926,S2-247810953,S2-341894943,S2-125016348,S2-773804631,S3-907544326,S3-785186558,S3-439009418,S3-510366064,S3-64933021,S3-981915428,S3-263552806,S3-963134778,S3-672844793,S2-281014100,S2-634497519
S1-607302089	S2-172217048,S3-441341258,S2-611621507,S3-204889891,S3-673934048,S2-322362124,S3-21573471,S2-137702932,S2-443105199,S2-439356276,S2-176840188,S2-399432027,S2-359696701,S2-523308260,S2-703534395,S2-460842810,S2-189888394,S2-206049613,S2-282552318,S2-588857805,S2-96643585,S2-887443124,S2-299365805,S2-231521926,S2-982424065,S2-82340867,S2-997120512,S2-36162045,S2-57903632,S2-753758113,S2-594846931,S2-926217665,S2-135489636,S2-955537861,S2-703527817,S2-816125590,S2-645392514,S2-267224736,S2-209928557,S2-397848788,S2-970891765,S2-639828643,S2-506406191,S2-89708469,S2-812814308,S2-43545866,S2-463412049,S2-138605774,S2-715555930,S2-479915369,S2-792582215,S2-321073550,S2-245255766,S3-442553183,S3-503957492,S3-43974140,S3-309391732,S3-160182724,S3-756355827,S3-164264569,S3-142257815,S3-607911083,S3-282341256,S3-222600907
S1-194589041	S2-54469895,S3-880114367,S3-41949759,S3-702161414,S3-48865405,S2-599804370,S2-510511041,S2-174575509,S2-851450481,S2-128215205,S2-517727554,S2-57206543,S2-392870070,S2-209026886,S2-415789905,S2-398303365,S2-593998309,S2-799044953,S2-113833319,S2-691142164,S2-645900209,S2-768454959,S2-977873948,S2-879372422,S2-48184652,S2-230856465,S2-189653290,S2-614739074,S2-636166734,S2-159649319,S2-702322242,S2-884905050,S2-252013800,S2-316109483,S2-781935357,S2-102230846,S2-777240943,S2-257411201,S2-474762892,S2-624966430,S2-71108689,S2-961230268,S2-347483955,S3-90907064,S3-880953939,S3-899677058,S2-483362491,S2-871908173,S2-731471518,S2-42163324,S2-480515409,S2-643589477,S2-575464955,S2-169860447,S2-384031679,S2-675380039,S2-204805733,S2-482554247,S2-825439980,S2-780020618,S2-113331215,S2-583310928,S2-292681132,S2-256518237
S1-550464269	S2-412816698,S2-863734083,S3-765393839,S2-101582651,S3-495502933,S3-69245781,S2-434799249,S2-443825819,S2-650115926,S2-340723551,S2-399575503,S2-856146393,S2-49018549,S3-402487577,S3-850864207,S3-33014354,S3-717844432,S3-938483318,S3-731671347,S3-557004678,S3-469013253,S3-154041871,S3-742806753,S3-639700046,S3-851877413,S3-988280618,S3-979514891,S3-687743189,S3-86274030,S3-2959020,S3-595263744,S2-526316750,S2-987055964,S2-511322960,S2-415387416,S2-210337471,S2-49232266,S2-866790340,S2-510391223,S2-932121999,S2-148216587,S2-919877515,S2-153942939,S2-476896523,S2-851494693,S2-503299734,S2-149319540,S2-622493428,S2-870584265,S2-698978523,S2-523385822,S2-986914544,S2-303585564,S2-204075549,S2-539659435,S2-902738236,S2-536993754,S2-113790650,S2-95802625,S2-976509803,S2-58763585,S3-113749365,S3-784111839,S3-190521341
S1-405440827	S2-855072345,S3-534206930,S2-466353630,S2-621599688,S3-519696024,S3-346977332,S3-606532087,S2-610883780,S2-233276224,S3-381474744,S2-734239405,S2-523646135,S2-582519639,S2-965228550,S2-467950263,S2-405449005,S2-161079504,S2-755190390,S2-494461592,S2-682283295,S2-546278021,S2-252895036,S2-598612114,S2-52264919,S2-281552184,S2-372247484,S2-866353250,S2-394811564,S2-51744374,S2-422153277,S2-434903719,S2-791515578,S2-689679478,S2-834214843,S2-919417199,S2-746960865,S2-13005321,S2-376518873,S2-849518713,S2-383890595,S2-170341073,S2-314417753,S2-363692826,S2-175744277,S2-181753724,S3-202744515,S3-866153196,S3-291657391,S3-83455904,S3-182049502,S3-423169418,S3-45201206,S3-110087621,S3-888966941,S3-691897578,S3-438533708,S3-542736673,S2-177387070,S2-939617668,S2-693612901,S2-510468509,S2-391508861,S2-128194506,S2-269804158
S1-500922440	S2-807806179,S2-874380773,S3-360140904,S3-479392485,S3-541444996,S3-940183857,S3-26564204,S2-340393302,S2-666996981,S2-332841886,S2-760355699,S2-164810916,S3-382633033,S3-231297963,S3-676605393,S3-375333875,S2-195852363,S2-101426654,S3-222032765,S2-946820320,S3-218936405,S2-286039594,S3-231899404,S2-684859957,S2-670879538,S2-384479159,S3-658439091,S3-860336633,S3-794057892,S3-401704841,S3-150120735,S2-228111413,S2-163009870,S2-647636217,S2-314015748,S2-353986460,S2-113682804,S2-236422,S2-15906559,S2-297737272,S2-991545978,S2-927047921,S3-593754209,S2-392555668,S2-297877387,S2-202991910,S2-489368077,S2-187170891,S2-264851363,S2-422705671,S2-692039700,S2-947485385,S2-915983896,S2-362430034,S2-361171658,S2-139940517,S3-89898326,S3-58274624,S3-806667971,S2-882782713,S2-481773613,S2-109828791,S2-53562504,S2-590593017
S1-111694025	S2-407284706,S2-315885501,S3-803364604,S3-654727361,S2-489274274,S2-600892329,S2-540389558,S2-863800817,S3-464614458,S2-85537746,S2-461848047,S2-681494672,S2-783490022,S2-889989272,S2-911461584,S2-79964146,S2-615469409,S2-33085015,S2-916320271,S2-564755836,S2-369358029,S2-337078953,S2-884126449,S3-378349783,S3-467221232,S3-205601200,S2-627753024,S2-87984198,S2-519300544,S2-928404606,S2-799528567,S2-883891887,S2-51221623,S2-380198229,S2-86483053,S2-687310839,S2-107682614,S2-522265054,S2-108132049,S2-406656085,S3-589873255,S2-757398267,S2-308904572,S2-420044977,S2-512054569,S2-798883979,S3-12974906,S2-339234403,S2-659550820,S2-333411792,S2-175263307,S2-749533176,S2-422161311,S2-452002471,S2-695992261,S2-418256853,S2-344931737,S2-238497974,S2-941264855,S3-465537719,S2-846455392,S2-142287987,S3-243533060,S2-78951485
S1-760235082	S2-659486826,S3-712615492,S2-350355118,S2-711668504,S3-223430735,S3-710306068,S2-647692082,S3-877804331,S3-847175839,S2-898518308,S2-732604137,S2-903872107,S2-541464682,S2-375714734,S2-891801453,S2-792228699,S2-254022962,S3-686239339,S3-463587469,S2-424370998,S3-940797829,S3-986096817,S2-550031094,S2-729227982,S2-448997848,S2-599586923,S2-235078712,S2-149446729,S2-812461978,S3-107663509,S3-919101389,S3-908998179,S3-276502583,S3-588706318,S3-456533240,S3-273065724,S3-822407635,S2-75579563,S2-291118019,S2-248577027,S2-615024678,S2-115735626,S2-928181337,S2-273801546,S2-686750562,S2-344064534,S2-894790699,S3-565525608,S3-285471551,S3-323602640,S3-424817931,S3-41100773,S3-607658004,S3-276625586,S3-604066831,S3-921039269,S3-379811847,S3-83936940,S3-934894823,S3-736577969,S3-765315396,S3-552278287,S3-506783657,S3-454966091
S1-17665971	S3-496161403,S2-83505977,S3-582282108,S3-158445173,S3-34560213,S2-557354167,S2-989439975,S2-14026007,S2-294425943,S2-647622525,S2-771746145,S2-347398827,S2-80532489,S2-624689653,S2-615204347,S2-320212951,S2-154113726,S2-35179538,S3-775136301,S3-394657333,S3-237125639,S3-420941542,S3-115847348,S2-438811038,S2-224963033,S3-546733558,S3-95619050,S3-386067636,S3-308094382,S3-861276043,S3-671163833,S3-789756473,S2-353477050,S2-986147437,S2-897690849,S3-15717469,S3-839367724,S2-560430610,S2-585832539,S3-170112419,S3-531116795,S3-898767882,S3-134206108,S3-168779195,S2-643131962,S2-129706835,S2-352205710,S2-749840633,S2-926749188,S2-821414914,S2-541972373,S2-871681295,S2-445542761,S2-383407027,S2-910613717,S2-136520370,S2-262034110,S2-881922945,S2-366233307,S2-588500306,S2-445581929,S2-349170688,S2-512545780,S2-39792977
S1-131623880	S2-331509491,S3-710087281,S2-536908301,S2-487309180,S3-221829932,S3-365358474,S3-227184930,S2-416518675,S2-87210509,S2-748593921,S3-598224989,S2-978384550,S2-916554728,S2-792331984,S2-857976685,S2-179429912,S2-481375750,S3-551029835,S3-187706009,S2-969194413,S3-704024595,S2-913504929,S2-198851660,S2-518007175,S2-773986422,S2-479779746,S2-512142841,S2-702313516,S2-358037555,S2-622838713,S3-41008087,S3-936402078,S3-440553893,S3-173503547,S3-673218575,S3-606102530,S3-71965923,S3-404306780,S3-511886660,S3-499285687,S3-948866530,S3-817645024,S2-982700501,S3-874915827,S3-344139735,S3-777684151,S3-66878466,S3-408126354,S3-497241421,S2-186548123,S2-196205784,S2-531058369,S2-395687307,S2-359117270,S2-845195485,S2-364404960,S2-103381805,S2-570483402,S2-618622869,S2-506853670,S2-308351203,S3-810312009,S3-956807082,S3-823031709
S1-453383072	S2-694584321,S2-324606726,S2-950608775,S3-803589384,S3-514209056,S2-75956163,S2-364706234,S2-151723166,S2-865665498,S3-790659853,S3-21188560,S2-362929768,S2-434490425,S2-162524904,S2-795153852,S2-472093678,S2-914057527,S2-331506406,S3-140939322,S3-567391124,S3-551394494,S2-606281285,S2-777716538,S2-398087083,S2-99336376,S2-468049990,S2-506588648,S2-349709571,S2-102878405,S2-262957609,S2-905668574,S2-831137502,S2-704832159,S2-173677073,S2-850402003,S2-351293501,S2-87229135,S2-261355072,S2-860593854,S2-167977749,S2-533274641,S2-383930749,S2-933852971,S2-95258701,S2-395921977,S2-433847399,S2-877779471,S2-73866127,S2-8515150,S2-622271951,S2-48393449,S3-699890494,S3-831499644,S2-184512743,S2-161583910,S2-360435941,S2-443805410,S2-231148304,S2-109992590,S2-445385425,S2-248160464,S2-442679405,S2-194323282,S2-243876782
S1-573827896	S2-622861417,S2-839509841,S2-333894886,S3-867855264,S2-596622383,S3-923232668,S3-257484795,S2-309057590,S2-754211263,S3-271435211,S2-92074801,S2-664977618,S2-948201144,S3-485886730,S3-495663694,S2-994850155,S3-222018214,S2-564375511,S2-374625585,S2-258637539,S2-610480408,S2-713665710,S2-865635675,S2-81086275,S2-772748321,S2-457285115,S2-412627936,S2-547513802,S2-211749490,S2-226513713,S2-369253167,S2-622401591,S2-803062548,S2-534240628,S2-629010404,S2-734175178,S2-291417305,S2-721260841,S2-58465324,S2-515574409,S2-127217726,S2-353444066,S2-219692712,S2-952556642,S2-78973635,S2-700893119,S2-666665150,S2-596019324,S2-892802393,S2-7565131,S2-8649014,S2-232888080,S2-972861232,S2-971324731,S2-484270467,S2-23170633,S2-479481902,S2-868176842,S2-663949748,S2-107802628,S2-322813681,S2-980778054,S2-855165278,S2-812307158
S1-740059747	S3-78168141,S3-603752635,S3-999124758,S2-376321397,S2-86840033,S2-773392566,S2-371949118,S2-513440480,S3-812917673,S3-729527550,S3-255174185,S2-602976297,S2-735324711,S2-642829734,S2-164425599,S2-722016423,S2-588677921,S2-807956906,S2-242683618,S2-662725155,S2-300026765,S2-76453405,S2-702287838,S2-112463611,S2-323371902,S2-169703140,S2-840476338,S2-312523616,S2-451681549,S3-63452266,S3-166420799,S2-35054681,S2-454710435,S2-656545147,S2-807217792,S2-877656237,S2-515507795,S2-495295021,S2-300192853,S2-955781396,S2-103943532,S2-467609224,S2-56354930,S2-313251551,S2-516029275,S2-577826731,S2-130438734,S2-125752414,S2-761466576,S2-587184561,S2-35798258,S2-214936769,S2-1585806,S2-966594520,S3-627375330,S3-293738279,S3-376839663,S2-954567962,S2-228538781,S3-288091526,S2-460650140,S2-255903598,S2-316609587,S2-755146358
S1-979645754	S2-158178824,S3-595302669,S2-553813720,S3-956106421,S2-33576702,S3-869546197,S3-631581269,S3-657765317,S3-964983402,S3-497637018,S3-478820410,S3-621306048,S3-48499707,S2-31395712,S2-410940925,S3-93832793,S2-832146604,S2-764111542,S2-249307858,S2-264302516,S2-662383142,S2-988939613,S2-167573535,S2-983174915,S2-543034917,S2-305547585,S2-956481048,S2-281376695,S2-247243386,S2-52423771,S2-337846925,S3-730060223,S3-895624307,S2-70284359,S2-710496040,S2-956268185,S2-220528624,S2-78538804,S2-143593654,S2-69968390,S2-880151492,S2-326089511,S3-688113172,S3-692834232,S3-232970368,S3-319784029,S3-87581483,S3-120462607,S3-144214482,S3-321090249,S3-11824870,S2-651324832,S2-800374752,S2-401517642,S2-253074421,S2-307201402,S2-753258650,S2-189145859,S2-435916770,S2-463939742,S2-92709561,S3-750833599,S3-443850350,S3-727155362
S1-5694837	S3-91486203,S2-646934249,S2-735230833,S2-471852765,S2-615410314,S2-385767172,S2-789131341,S2-447187898,S2-45748731,S2-696456247,S2-278309513,S2-970155763,S2-888687933,S2-187547784,S2-876447248,S2-705679446,S2-8929821,S2-953795558,S2-682213722,S2-551372370,S2-982934072,S2-764437172,S2-253744085,S2-950210464,S2-373742523,S2-734823912,S2-177544785,S2-991043921,S2-930723856,S2-344878088,S2-597391712,S2-160190401,S3-302444228,S2-869342778,S2-801297021,S2-490711313,S2-304897647,S2-115880512,S2-760008257,S2-16002688,S2-889004918,S2-859179601,S2-130385046,S2-378090562,S2-728877967,S2-500275389,S2-571667319,S2-755016629,S2-403511316,S2-329735247,S2-679499158,S2-772776171,S2-440915686,S3-247956962,S3-930430307,S2-632914502,S2-239556190,S2-216218877,S2-146520578,S2-117850761,S2-113726608,S2-699219838,S2-787585184,S2-650539867
S1-895155435	S3-279771653,S2-560295438,S3-680469339,S2-330210804,S2-629630690,S2-165135007,S3-944429570,S2-828824303,S2-243150296,S2-529739405,S2-58630982,S2-957860222,S3-337782311,S2-530021144,S2-603929406,S2-699999722,S2-60690012,S2-72939836,S2-203898322,S2-361835769,S2-708488425,S2-460465857,S2-302164428,S2-310326300,S3-350481411,S2-473079021,S2-430248586,S3-934182672,S3-782167929,S3-847591574,S2-715861504,S2-965628904,S2-715061084,S2-758957727,S2-71048571,S2-506761878,S2-340910126,S2-980543227,S2-714511469,S2-760182129,S2-604430929,S2-943991406,S2-708879764,S2-806941981,S2-890602001,S2-685238775,S2-44268023,S2-591894216,S2-101247771,S2-936084074,S2-904981822,S2-796545074,S2-953966562,S2-812676507,S2-234961229,S2-251489771,S2-785143129,S2-518398259,S2-446605245,S2-354962274,S2-576707966,S2-379803136,S2-845438918,S2-785831788
S1-552090769	S3-878014928,S3-871308262,S2-482511239,S3-214255633,S3-997452390,S2-246344076,S2-765737880,S2-369169822,S2-681272687,S3-713278633,S2-744733234,S2-489734397,S2-737728427,S2-277278113,S2-778306414,S2-950984730,S2-102178452,S2-32653012,S2-89670590,S2-464510890,S2-721792534,S2-167246576,S2-418768409,S2-685217904,S2-466730818,S2-630158891,S2-167551892,S3-109098012,S3-269461644,S3-174990324,S3-49012046,S3-106092789,S3-113551435,S3-580268521,S2-643325300,S2-251427818,S2-729440748,S2-170013623,S2-318968784,S2-579971273,S3-51243278,S2-878677398,S2-644269136,S2-244844187,S2-394675434,S2-173204294,S2-837716408,S2-119559614,S2-686694731,S2-494545865,S2-25565169,S2-192238114,S2-689831942,S2-770377627,S2-619610871,S2-951636814,S3-713897719,S2-719051990,S2-939678669,S2-793664113,S2-546371412,S2-433416974,S2-557857248,S2-796567794
S1-444520529	S2-718766170,S2-156324323,S2-399160576,S2-530263611,S2-982694384,S2-603766581,S3-530449927,S3-897997786,S3-574471997,S2-107296656,S2-350550657,S2-953875467,S3-908012910,S3-164142559,S3-213179459,S3-677618041,S2-464280290,S2-638201069,S2-900403195,S2-509925095,S2-819549561,S2-702266099,S2-210872467,S2-142317513,S2-901851561,S2-196933886,S2-63073312,S2-571901255,S2-803257874,S2-783060411,S2-35083338,S2-687495418,S2-24415321,S2-495260545,S2-106257098,S3-776888138,S2-929745944,S2-937014344,S2-381704093,S2-344538119,S2-18654997,S2-358709659,S2-116174967,S2-457628057,S3-295633920,S3-169448390,S3-200605497,S3-286614274,S2-706642982,S2-568194616,S2-539441120,S2-485984228,S2-630511965,S2-899158852,S2-392021001,S2-830489741,S2-848353512,S2-290669220,S2-873604641,S2-631959220,S2-74953777,S2-779194464,S2-448084318,S2-204409784
S1-481259122	S2-815121682,S3-829035031,S3-744897618,S2-40226994,S2-853428169,S2-390992223,S2-590848777,S2-552376650,S2-958713008,S2-945103218,S3-523212726,S2-390533884,S2-587097183,S2-717188047,S2-383527290,S3-757766545,S3-985594394,S3-525825426,S3-876259555,S2-102687952,S2-373237293,S2-974312355,S2-892979001,S2-230370058,S2-438444070,S2-870602614,S2-267687542,S3-877343276,S2-154103924,S2-658965511,S3-28226909,S3-889536887,S3-975113195,S2-717368496,S2-656380858,S2-344898873,S2-585514559,S2-819885487,S2-966782503,S2-380742329,S2-705019732,S2-336096982,S2-325896252,S2-652948739,S2-169141202,S2-891175046,S2-605747794,S2-990596693,S2-804460511,S2-241297401,S2-112234379,S2-194583348,S2-506561395,S2-886944154,S2-395525961,S2-321201946,S2-559013444,S2-616078975,S2-699309301,S2-539095286,S2-378853923,S2-472314632,S2-439223262,S2-523176923
S1-170318976	S3-56473701,S3-421139932,S2-902396435,S3-859100872,S2-55660192,S3-619900760,S3-919210720,S2-855345278,S2-812714585,S2-194367909,S3-155400833,S3-597960339,S2-374991504,S2-945860218,S2-61577535,S2-692871704,S3-85639711,S2-584716087,S2-180173637,S3-485897307,S3-220925526,S2-847953936,S3-461103868,S2-528409066,S2-370965789,S3-619377021,S3-761129406,S2-617879058,S2-157525776,S2-861896908,S2-876489157,S2-122525302,S2-823392459,S2-134992819,S2-20206831,S2-358520669,S2-210919943,S2-377617100,S2-973302741,S2-134435662,S2-123761876,S3-198494784,S3-824354536,S3-373409982,S2-916873111,S3-263949801,S3-404666251,S3-873624389,S3-636084484,S3-896527855,S3-692172728,S3-72439442,S3-115215505,S3-323284693,S3-652955789,S2-334403336,S2-64304321,S2-381122725,S2-454084355,S3-576330523,S3-85625754,S2-579402977,S2-452692502,S2-455232758
S1-626957328	S2-298982177,S2-950063647,S3-478727055,S2-458023678,S2-13967139,S2-183326284,S2-513964605,S2-372500836,S2-298935927,S2-632630413,S2-427325084,S2-840704586,S2-17942146,S2-61281128,S2-322558878,S2-442262278,S2-395994271,S2-25905050,S2-30884263,S2-167013396,S2-273201225,S2-139670854,S2-711033286,S2-977500358,S2-941633021,S2-893851095,S2-659012641,S2-156680445,S2-30494989,S2-972778480,S2-859000777,S2-739736819,S2-481834703,S2-185680486,S2-89872661,S2-266870608,S2-23108322,S2-29686646,S2-519509246,S2-393342279,S2-232038922,S2-72258847,S2-775091684,S2-766262564,S2-349586806,S2-810200851,S2-137545508,S2-234399847,S2-689064535,S2-837334976,S2-516272553,S2-585006579,S2-648794634,S2-601386758,S2-318321815,S2-57164710,S2-203696667,S2-303575545,S2-374944716,S2-919838800,S2-229834775,S2-734221084,S2-16418668,S2-346629197
S1-820877559	S2-615618558,S3-845297875,S3-538718785,S3-237368523,S2-242661418,S2-93334018,S2-388478161,S2-221603637,S2-572856720,S2-776203534,S2-151819314,S2-632355152,S3-730352336,S3-46429835,S3-961040823,S3-446672317,S3-246444141,S2-993337622,S2-297786103,S2-543962398,S2-168199707,S2-161618216,S3-632980400,S3-159367256,S3-947125126,S3-468788746,S3-885569729,S3-671352381,S3-202735964,S3-404766188,S3-707220914,S3-869352838,S3-951157880,S3-842781459,S3-619184184,S2-676968013,S2-393855442,S2-522011003,S2-71070947,S2-628832882,S2-959716015,S2-134407795,S2-33068458,S2-823308992,S2-326477075,S2-719938985,S3-316584460,S3-325630333,S3-574086811,S3-398718001,S3-565964137,S3-850792447,S3-789500105,S3-644178181,S3-19294558,S3-648062086,S3-433407904,S3-857186988,S3-811362656,S3-938771331,S3-282248039,S3-395936541,S3-373912891,S2-197610509
S1-111296778	S3-208264360,S3-133772120,S3-55490064,S3-637871505,S2-977202161,S2-706971799,S3-387671926,S3-918590655,S3-170093719,S2-539812192,S2-47709435,S2-708276205,S2-686600316,S2-287931055,S2-269992621,S2-551296426,S2-786224981,S2-653743908,S3-260655809,S3-375137618,S2-929847784,S2-959641071,S2-607811498,S2-881685316,S2-800583315,S2-313667009,S2-114541408,S2-336626224,S2-607693462,S2-259329399,S2-776801788,S3-787649260,S3-500675102,S3-304549684,S2-138692982,S2-702244091,S2-909911636,S2-17503452,S2-199498572,S2-904792168,S2-799158485,S2-313239713,S2-400273716,S2-657266982,S2-614173170,S3-167519205,S3-353228944,S3-200975268,S3-326371155,S3-944076325,S3-212822839,S3-867737388,S3-898724871,S3-353323420,S3-939353307,S2-847888978,S2-76658175,S2-33219925,S2-154846151,S2-971965724,S2-218190809,S2-596387419,S2-436621357,S3-547315047
S1-847310129	S2-867721467,S2-239734521,S3-933496503,S3-315299900,S2-79340155,S3-188756373,S2-692375652,S3-279528939,S3-1895949,S3-204805013,S2-464455519,S3-842289038,S2-633309291,S2-392733764,S2-703278289,S3-880039475,S2-373971163,S2-178609336,S3-937403601,S3-837272014,S2-135566156,S2-786038366,S2-298308366,S2-162654231,S3-220858640,S2-527596272,S2-483659768,S2-147831807,S3-836717626,S3-499565714,S3-778626942,S2-920982484,S2-439158300,S2-493258471,S2-534191170,S2-181582847,S2-5944436,S2-498967955,S2-77494872,S2-927112770,S2-952548498,S3-26255008,S2-129128206,S2-711605788,S2-946321468,S2-640582941,S2-213789890,S2-760287058,S2-967672313,S2-752741893,S2-523276198,S3-455869780,S3-60382106,S3-56358466,S3-913012778,S3-695264408,S3-614380446,S3-825357254,S3-454286062,S3-851948751,S3-971711872,S2-160060483,S2-56408209,S2-806908176
S1-546941880	S3-944535436,S3-256519954,S3-894349537,S2-465664968,S2-491307038,S2-688677117,S2-346993390,S3-764944819,S3-113437035,S3-877145748,S3-892729618,S3-789065993,S3-363706933,S3-564422537,S3-871550275,S3-305878383,S3-208801474,S3-345329141,S3-732241656,S3-570117070,S3-290602304,S3-894939419,S2-355457208,S2-322221168,S2-176216581,S2-514855465,S2-8454019,S2-296549614,S2-643285935,S2-478199005,S2-41054521,S2-582556576,S2-46166286,S2-474739347,S2-938916990,S2-605048074,S2-921658698,S2-888332493,S2-813116424,S2-973903101,S2-292000074,S2-265990065,S2-92429490,S2-711724381,S2-427824423,S2-474405345,S2-76436326,S2-390588423,S2-52133765,S3-67774976,S2-588209695,S3-796075808,S3-555322629,S2-370382823,S2-739945131,S2-221101165,S2-606018298,S2-822986127,S2-955507573,S2-521116627,S2-804471698,S2-137526328,S2-377311279,S2-772360503
S1-697980001	S2-238227544,S2-256337315,S3-203229271,S2-504920500,S2-26555571,S2-797931303,S2-119303919,S2-471363174,S2-507255880,S2-763085082,S3-719819707,S3-586910338,S2-853282365,S2-476805975,S3-326855363,S3-464161777,S2-412534316,S3-206981633,S3-168600636,S3-644930120,S3-714707086,S3-878712615,S3-520376008,S2-979951314,S2-607895157,S2-300531369,S2-998029640,S2-749160023,S2-667775585,S2-96280849,S2-504912036,S3-858453534,S2-161669720,S2-825852924,S2-228431754,S3-737711439,S3-648701774,S2-245409349,S2-169643649,S2-475896466,S2-597253201,S2-251370448,S2-879146691,S2-170037484,S2-798537921,S2-873943109,S2-425489226,S2-661890864,S2-972156051,S2-746074565,S3-502911220,S3-952491726,S2-535637014,S2-603615652,S2-970556073,S2-683512354,S2-10695365,S3-425081888,S3-905329329,S3-262674543,S3-922548127,S3-502470285,S3-528496034,S3-623415996
S1-338401200	S3-252303002,S3-104676057,S2-963952117,S2-553433307,S2-631310959,S2-214082535,S2-685392181,S2-709875411,S2-4379356,S2-855934960,S2-779226164,S2-709832473,S2-577244564,S2-39923596,S2-410235539,S3-381406581,S2-871953973,S2-180455177,S2-779999503,S2-298991490,S2-364905741,S2-819431341,S2-487237343,S3-356202034,S3-299140219,S3-914292299,S2-608301865,S2-414116572,S2-137375803,S2-167055489,S3-662444252,S3-114293843,S3-570125082,S3-357876291,S3-816348089,S3-785816717,S3-135755225,S2-508264652,S2-471209502,S2-395846924,S2-530742684,S2-982356350,S2-996223918,S2-328896864,S2-93452858,S2-850093711,S2-93079658,S2-422728646,S2-870905470,S2-477387259,S2-690143714,S2-658110150,S2-960053239,S3-637646225,S3-878744572,S3-655348430,S3-733786706,S3-368150285,S3-193414929,S3-917904732,S3-236716053,S3-924442205,S3-727623849,S3-581813686
S1-501819870	S2-413475710,S3-86029133,S3-123289138,S2-718580383,S2-301269888,S2-903547632,S2-259505185,S2-887898362,S2-669433934,S2-578479275,S2-942558384,S2-175902034,S3-439032491,S3-748665994,S3-262076191,S2-39027260,S2-546712660,S2-538535305,S2-829412352,S2-511576088,S2-656445511,S2-895244265,S2-437454927,S2-244492429,S2-114763517,S2-747495633,S2-652489049,S2-566383240,S2-125570734,S2-974096008,S2-52691754,S2-358678848,S2-230258844,S2-745655489,S2-147232228,S2-4818615,S2-608610787,S2-10663994,S2-389329649,S2-85749200,S2-75029683,S2-210329511,S2-593293294,S2-873865453,S2-382616862,S2-733585666,S2-349958325,S2-702628927,S3-59739523,S2-429437622,S2-117284345,S2-206374141,S2-536826337,S2-433217539,S2-334899538,S2-123265203,S2-641281458,S2-966719698,S2-664200988,S2-57803439,S2-411592600,S2-341455782,S2-254005137,S2-30488939
S1-541668027	S2-391058869,S2-987475979,S2-322333068,S2-874166485,S2-413444978,S2-524949875,S2-698942388,S2-636550055,S3-560845272,S3-784014919,S2-761418978,S2-984824554,S2-625849114,S3-441414841,S2-764527930,S2-607230993,S2-833573861,S2-666989011,S2-298532720,S2-216761903,S2-371206301,S2-895924573,S2-522506801,S2-835371033,S2-247662800,S2-735245291,S2-104613740,S2-847811435,S2-639117625,S2-820068369,S2-66445977,S2-1323460,S3-239202199,S2-479184558,S2-437931531,S2-41188264,S2-785939521,S2-684094511,S2-412741412,S2-851267313,S2-432445578,S3-679589132,S3-296986239,S2-810951929,S2-260101973,S2-722980456,S2-713820293,S2-47835894,S2-320660789,S3-654639196,S3-483457439,S3-177363978,S2-222555935,S3-617645951,S2-807576165,S2-605885318,S2-324812389,S2-80583956,S2-197178899,S2-844112760,S2-966327328,S2-837027198,S2-444460658,S2-996420111
S1-702544592	S2-626067390,S2-578946943,S3-856160330,S2-733744878,S3-104096227,S3-838833003,S2-674201915,S2-661863657,S2-74501058,S2-506992225,S2-31971169,S2-854085037,S3-227932066,S3-419737241,S3-176202788,S3-626668090,S2-357334580,S2-393463316,S2-443269293,S3-63451543,S2-759339566,S2-353693810,S2-636939186,S3-39740317,S3-794662111,S3-268147203,S3-876273502,S3-456731212,S3-847219581,S3-125334148,S3-570891021,S2-821205156,S2-302945074,S2-853623241,S2-701393994,S2-861301973,S2-666999559,S2-860420927,S2-583946569,S2-484057545,S2-213556299,S2-689346113,S2-247456512,S2-199015110,S2-28988654,S2-896907222,S2-385257813,S2-270386866,S2-762836876,S2-876477491,S2-344453676,S2-586155698,S2-359681663,S2-72779725,S2-690982815,S2-8075653,S2-419713481,S2-839633898,S2-616773376,S2-942639026,S2-122017707,S2-156810356,S2-391579101,S2-401866656
S1-528495462	S2-937089285,S2-383221971,S3-624829731,S3-821310319,S3-645009053,S2-557244738,S2-40453348,S2-215101065,S2-1415532,S2-9970915,S2-168389784,S2-177184892,S2-138168022,S2-928689293,S2-846049967,S3-160980324,S3-311333198,S2-206444116,S3-419732153,S2-120614526,S2-499009182,S3-244106929,S3-285717673,S3-84854382,S3-222113895,S3-916753321,S2-107298521,S2-356095162,S2-981112534,S2-358155992,S2-963601481,S2-222125735,S2-537337445,S3-699233924,S2-853809344,S2-135822760,S2-270559116,S2-773163887,S2-345993426,S2-843196386,S2-621771739,S2-350178677,S2-312615552,S2-216082329,S2-209673957,S3-917905750,S3-120518121,S2-8798997,S2-379999283,S2-356018650,S2-235568844,S2-874117891,S2-385522985,S2-330352300,S2-609738545,S2-107452811,S2-583601082,S2-104709512,S2-801203062,S2-985613980,S2-294324308,S2-61861818,S2-283094464,S2-790426676
S1-545863954	S2-384442003,S3-178364508,S2-759573929,S2-771272899,S3-610137377,S2-120122703,S2-807610766,S2-320722499,S3-319669545,S2-33329904,S2-779861292,S2-719377837,S2-991090505,S3-22319546,S3-759449024,S2-201275862,S2-297810326,S2-498001172,S2-106131253,S2-504441938,S2-638712890,S2-485216187,S2-407936657,S2-32093976,S2-112641840,S2-503020321,S2-735851855,S2-686414672,S2-58234540,S2-759903097,S2-217257874,S2-838269468,S2-523555453,S2-94004191,S2-484591253,S2-244286304,S2-234189746,S2-539273491,S2-759340310,S2-56742449,S2-651705248,S2-969662669,S2-440268642,S2-29607950,S2-500253478,S2-865760236,S2-155825299,S2-695093088,S2-716130132,S2-376991126,S2-685058827,S2-251029940,S2-521105362,S2-474161744,S2-913261327,S2-319737698,S2-451450582,S2-121989770,S2-519736189,S2-920388364,S2-934796232,S3-262983026,S3-4261882,S3-851172274
S1-772195807	S2-293394835,S3-759296958,S3-514870771,S2-405783483,S2-197563629,S2-328477453,S3-834972552,S3-40589801,S2-327859849,S2-180162882,S2-574697449,S2-467496236,S2-453143421,S2-909687609,S2-794560949,S2-192690062,S2-985180122,S2-383176346,S2-61510017,S2-412904826,S2-516029301,S2-341781885,S2-468400198,S2-700393154,S2-336558271,S2-754390976,S2-309877433,S2-725452804,S2-760054462,S2-993909516,S3-329807145,S3-262325413,S3-606551007,S3-826571466,S3-311540329,S3-751871534,S3-136450702,S3-190207972,S3-725631195,S3-645390056,S3-968957839,S3-219621600,S3-636377102,S3-677230535,S2-835391119,S2-297605058,S2-84672953,S2-793981368,S2-369528339,S2-825020551,S2-491893830,S2-816377325,S2-749653469,S2-456145035,S2-836759234,S3-835028916,S3-168751646,S3-72165647,S3-208324155,S3-947167928,S3-379947437,S3-852078074,S3-841436352,S3-804920641
S1-453539657	S2-988466148,S3-623621291,S2-158483614,S2-585268205,S2-974959902,S2-648998372,S2-761253360,S2-429806726,S2-568281237,S2-450381646,S2-472106755,S2-21139059,S3-259828427,S3-727198525,S2-750681310,S2-42176001,S2-938473679,S2-439086559,S2-761602964,S2-998464449,S2-401021583,S2-781934964,S2-420641113,S2-190114648,S2-921744494,S2-204124704,S2-558518422,S2-163685122,S2-139496721,S2-532830865,S2-169290151,S2-809874169,S2-600144272,S2-100698818,S2-675318628,S2-837204833,S2-827329246,S2-742610752,S2-573203263,S2-83267614,S2-472353804,S2-504548054,S2-430820632,S2-421739632,S2-677242500,S2-98156094,S2-851231608,S2-680907965,S2-825720548,S2-567370873,S2-987621470,S2-226658893,S2-667426421,S2-320001033,S2-31493900,S2-327594685,S2-447374043,S2-175508183,S2-229650691,S2-408572467,S2-370599982,S2-649915466,S2-143145209,S2-459106354
S1-46249643	S2-634987820,S2-892346000,S2-834540822,S3-782320906,S3-157343847,S2-536266873,S2-370971934,S2-921794598,S2-460482776,S2-513073166,S2-830826449,S2-865245757,S2-668853606,S2-469257456,S2-104552579,S2-570265727,S2-647301951,S3-879665491,S3-139963196,S3-171055961,S3-198824016,S3-46352773,S2-970685383,S2-787992795,S2-169443329,S2-940312196,S3-320942883,S3-12390100,S3-905667066,S2-905812663,S2-249822115,S2-431044888,S2-658321886,S2-213395672,S2-60989193,S2-873976284,S2-296433090,S2-181940099,S2-738662434,S2-93785259,S2-532718868,S2-782789268,S2-89086947,S2-851043316,S2-682028507,S2-430406555,S2-679838618,S2-890603110,S2-232224772,S2-442274980,S2-804364744,S2-354883341,S2-76934154,S2-500158386,S2-20767583,S2-699522103,S2-520388023,S2-570746844,S2-847854328,S2-395043109,S2-19424500,S3-247524710,S2-203440278,S2-354021190
S1-317928365	S2-933993096,S2-712915475,S3-218060826,S3-228161558,S3-703115104,S2-120038915,S2-913111564,S2-97620146,S2-718003702,S2-921562170,S3-350628358,S2-839302393,S2-925912743,S2-938192290,S3-493298649,S2-837950124,S2-365637295,S3-955129453,S2-21488645,S2-290874610,S2-936409762,S2-946623037,S2-883880773,S3-206005801,S2-790995326,S2-663510993,S2-308179734,S2-436304436,S2-782977586,S2-241831463,S2-440859518,S3-491189300,S2-315598791,S2-199598655,S2-376838561,S3-194887026,S2-447470060,S2-730866184,S2-157528738,S2-320193834,S2-812098729,S2-328046442,S2-754021543,S2-734284262,S2-978636027,S3-510206379,S2-512335008,S2-4895619,S2-764227481,S2-239566512,S2-670890081,S2-359031591,S2-928981976,S2-110067399,S3-995792308,S2-302060877,S2-450357628,S2-113384908,S2-475840776,S2-143336289,S2-817444833,S2-519042069,S2-894836761,S2-205231847
S1-735449543	S2-229032336,S2-836095663,S3-633657927,S3-593392930,S2-466174713,S2-542551278,S2-258495255,S2-751734107,S2-717109549,S2-310951783,S3-383209444,S2-275124703,S2-987837875,S2-940544961,S3-777836442,S3-797335165,S3-996877728,S2-660602463,S2-933573334,S3-694103034,S3-36961815,S2-944740007,S2-232200239,S2-154839529,S2-130996422,S2-675126391,S2-506489950,S3-110640126,S3-693818063,S2-467922512,S2-27559421,S3-6106991,S2-318596195,S2-581060361,S2-627906732,S2-578629953,S2-77452720,S2-313045015,S2-370889777,S2-32086277,S2-335942618,S2-905824535,S2-230924869,S3-771638773,S3-179912896,S2-921917359,S3-345743651,S3-586632682,S2-540591154,S3-719742673,S2-720796186,S2-410927806,S2-381228505,S2-816743995,S2-337649078,S3-368276335,S3-574140223,S3-359731282,S2-669478071,S2-299940100,S2-840840252,S2-26965044,S2-884607353,S2-82598164
S1-368898506	S3-66904920,S2-330029272,S2-584716594,S2-652455214,S2-714873789,S2-961764421,S3-507346301,S2-764219904,S2-207152865,S3-605258635,S2-968895249,S2-339598747,S2-269156423,S2-299417297,S2-968857780,S2-770920914,S2-729296003,S2-749109637,S2-24673025,S2-829826814,S2-800173641,S2-49073560,S3-187631835,S3-277867299,S3-863656964,S2-384851198,S2-233916968,S2-868050237,S2-707180930,S2-909049336,S2-305183719,S2-997804808,S2-746220564,S2-176410466,S2-995294537,S3-546744572,S2-533783719,S2-492383786,S2-680882296,S2-560904716,S3-129412948,S2-706087609,S3-722346549,S3-500883459,S2-707608822,S2-363255,S2-575953929,S3-712425799,S3-488657942,S3-789192009,S3-21591523,S2-760981353,S2-780900081,S2-314717027,S2-935773669,S2-960210422,S2-674666860,S2-519107215,S2-887831985,S2-499147287,S2-702932434,S2-797835443,S2-389580315,S2-120702254
S1-39608811	S2-257356782,S2-592346942,S3-841843337,S3-639907728,S2-861470259,S3-182536681,S2-811808320,S2-622539228,S2-376154685,S2-614874091,S2-624549186,S2-730621105,S2-127848578,S2-799528138,S2-882724224,S2-601683950,S3-811193228,S2-165788414,S2-261116689,S3-339836229,S2-901120835,S3-256850800,S2-853256874,S3-209670271,S2-228506419,S2-100922370,S2-333107650,S2-211422239,S2-36327547,S2-995823292,S3-543214293,S2-845303503,S2-313605210,S2-528310155,S3-104896154,S2-680573071,S3-500651300,S2-749081901,S2-141062709,S2-682356310,S2-323779466,S2-841191290,S2-497377215,S2-246334646,S2-530394062,S2-633770612,S3-727728240,S2-988875501,S2-42069296,S2-507236259,S2-73023031,S2-8083259,S2-605866196,S2-968092292,S2-633450538,S2-866943389,S2-943097568,S2-380993805,S3-562776672,S3-814662023,S2-963077873,S2-352185551,S2-734995939,S2-600035259
S1-740176897	S3-280827136,S3-974294347,S2-931284874,S3-628426976,S2-107045182,S2-450933289,S3-234337308,S3-855987937,S3-848645637,S2-658688245,S3-801195441,S3-710780279,S3-280824351,S3-549518153,S2-730486728,S2-672120892,S2-453898992,S2-187694060,S2-849825170,S2-799310164,S2-254204014,S2-122823276,S2-958738230,S2-125281591,S2-427122716,S2-431204644,S2-876725178,S2-277447719,S2-479226824,S2-196655188,S2-698302656,S2-604643150,S2-771280786,S2-804898417,S2-945349052,S2-474164199,S2-608581521,S2-127081855,S2-583140383,S2-36619040,S2-777484132,S2-703078663,S2-994686453,S2-386571467,S2-457606207,S2-609704664,S2-973813108,S2-435543908,S2-874561643,S2-465363686,S2-359928967,S2-600555802,S2-750069580,S2-854558389,S2-835676653,S2-432813712,S2-649670683,S2-524644093,S2-126022741,S2-735389851,S2-448043473,S2-870265229,S2-127451836,S2-775041458
S1-699373004	S3-488481179,S3-651042438,S3-124624907,S3-899519484,S2-209835331,S2-189028457,S2-142714695,S2-387968723,S2-28833062,S2-751389449,S2-945900538,S3-95956569,S3-323802529,S2-378021057,S2-104671898,S3-701330987,S2-970649176,S2-803230301,S2-355384160,S3-595450174,S3-869611901,S3-861629248,S3-5867066,S3-12072268,S3-239662270,S3-622963393,S2-457013756,S2-164053783,S2-372651408,S2-374825746,S2-377925724,S2-109021079,S2-664111065,S2-324348743,S2-560887535,S2-794616209,S2-59698033,S2-927155440,S2-914553141,S3-654363538,S3-251083044,S2-548168476,S2-743464585,S2-759513270,S3-554069781,S3-929986641,S3-427349628,S2-903054550,S2-968584450,S2-173423521,S2-169895745,S2-740650361,S2-952402406,S3-252227691,S3-173543591,S2-964930967,S2-628024947,S2-700873700,S2-266834382,S2-843356662,S2-185062745,S2-617652303,S2-527354044,S2-728322223
S1-760964613	S3-929746741,S3-878453173,S2-799642254,S2-333212118,S2-568019256,S2-867219423,S2-819790279,S2-831292926,S2-424170711,S2-412273269,S2-94489060,S2-456259063,S2-625796347,S3-702927821,S2-431123122,S2-525673448,S2-400042707,S2-958125537,S2-237232624,S2-801451276,S2-657963276,S2-462848873,S2-693785090,S2-463990954,S2-828889296,S3-44207132,S2-707964485,S3-139322966,S3-548480035,S3-969874743,S2-327577931,S3-210654654,S2-579466800,S3-189179460,S2-300194335,S2-246056710,S3-742693025,S3-187226803,S3-384033877,S3-283095205,S3-521014824,S3-587946408,S3-212448099,S3-222585382,S2-980847980,S2-715656375,S2-963002712,S2-690013635,S2-898558737,S2-898624554,S2-962933892,S3-225748280,S3-367481011,S3-294696493,S3-360911148,S2-930261306,S2-741570922,S3-140015618,S3-452503500,S2-984295957,S2-112244922,S2-320516296,S2-996533801,S2-403694266
S1-759533619	S2-71437052,S2-138277694,S2-90776365,S3-658193252,S2-894239001,S2-791060861,S3-567187238,S3-462437553,S2-826022380,S3-539414677,S3-467772731,S3-44305887,S3-518575404,S2-147497338,S2-143523027,S3-558299728,S2-613418507,S2-478564723,S2-472789837,S2-561121741,S2-507472481,S2-836894377,S3-814892174,S2-311015728,S2-708843171,S2-40451510,S2-6389094,S2-754747984,S2-389435982,S2-366516966,S2-43042833,S2-924574071,S2-963356757,S3-735375153,S3-811969946,S3-900625841,S3-543179690,S3-486907135,S3-958543804,S2-647666163,S2-431250745,S2-667186307,S3-745733252,S3-528237518,S3-410714976,S3-718239380,S2-257295544,S2-419254490,S2-186846343,S3-102393584,S3-552559138,S2-834140404,S2-565992764,S2-749146965,S3-31928015,S3-139398964,S3-398528102,S3-137834529,S2-178228026,S2-835064852,S2-472861094,S2-290580740,S2-360693636,S3-132108895
S1-415302434	S2-579569063,S2-773297543,S2-8286129,S3-576329809,S2-356895067,S3-52801348,S2-673161529,S2-750354649,S2-20785148,S2-35660823,S2-519685701,S2-718923237,S2-990309063,S2-134536171,S2-820304244,S2-329634285,S2-397004862,S2-277454572,S3-833601812,S3-249077799,S3-371449130,S3-500436751,S2-36299997,S2-619849554,S2-828953731,S2-790652602,S2-366788456,S2-644563644,S2-289592233,S2-738846181,S2-551405833,S2-253934623,S2-848784363,S2-680266320,S2-412532510,S2-460460825,S2-560370448,S2-385887170,S3-966665637,S3-153714352,S3-21836298,S3-338852211,S3-910081367,S3-873804446,S3-873299731,S3-125165001,S3-350154651,S3-542812424,S3-536081199,S3-954954733,S3-154120593,S3-208706724,S2-750460050,S2-191724087,S2-540430043,S2-571848577,S2-528240259,S2-352755809,S2-168488518,S2-750545294,S2-700781669,S2-976762529,S2-922597338,S2-547876970
S1-397514626	S2-902966935,S3-683176901,S3-143478814,S3-781993085,S3-668159066,S2-997439979,S3-245997985,S2-474578522,S2-664022576,S2-855413036,S2-771185525,S3-92950457,S2-569864220,S2-391329061,S3-16715954,S2-145085266,S2-988123213,S2-392665588,S2-636895202,S2-876892330,S3-476433000,S2-565313575,S2-376948226,S3-888030387,S3-766443683,S3-307694535,S3-565822005,S2-314108233,S2-551041769,S2-317244365,S2-492861667,S2-386368831,S2-946873520,S2-394305765,S2-880391294,S2-762832703,S2-587028373,S2-501239997,S2-538723921,S2-787902237,S2-19488856,S2-106229676,S2-99242171,S2-989251081,S2-996994445,S2-152379452,S3-225989082,S3-784750718,S3-380344194,S2-407170883,S2-79116695,S2-826123978,S3-126059931,S2-626565855,S2-578165887,S2-162655245,S2-357487870,S2-508848988,S2-631362869,S2-797431712,S2-63410695,S2-597610106,S2-294264872,S2-876111408
S1-603295553	S2-541936409,S3-428577973,S2-462021980,S2-611204211,S2-56905244,S2-63315474,S2-671001570,S2-352632934,S2-877179122,S2-452957940,S2-503702447,S2-993172238,S2-720267633,S2-64239277,S2-38633607,S2-118009733,S3-475501555,S3-886489431,S3-543251633,S2-249885953,S2-743165855,S2-315429870,S2-915614766,S2-68229006,S2-211368617,S2-186393921,S2-854477974,S2-399171537,S2-502952460,S3-217299992,S2-695629755,S2-150414098,S3-676158103,S2-699692937,S2-350073260,S2-867135786,S2-108009010,S2-279362357,S2-622399226,S2-224844939,S2-198818669,S2-342811325,S2-723592596,S2-679280611,S2-290711885,S2-424713476,S2-914407676,S2-309014209,S2-801500765,S2-10647985,S3-407986105,S3-336665736,S3-78130674,S3-338467124,S2-609636950,S2-44085269,S2-667178908,S2-885823947,S2-761408431,S2-241752917,S2-730607465,S2-159911621,S2-918761246,S2-216929748
S1-829004597	S2-769107340,S3-26320711,S2-220969219,S3-587508262,S3-525610759,S2-169771793,S2-650196258,S2-678600943,S2-40039083,S2-263740081,S3-88479941,S3-586200147,S3-942918235,S2-44866780,S2-73017047,S2-186117557,S2-637692684,S2-786231633,S3-722377664,S2-473984068,S2-486639262,S2-735126358,S2-996511596,S2-611521443,S2-777790222,S2-169634272,S2-992670772,S2-545692360,S2-943166283,S2-817393151,S2-819091446,S2-344356687,S2-992290149,S2-731207695,S2-68084821,S2-802518761,S2-176576093,S2-662850308,S2-205793788,S2-333320903,S2-677431496,S2-694716662,S2-329225643,S2-895210665,S2-299425544,S2-795624191,S2-650320924,S2-788435779,S2-989985007,S3-448788716,S3-924210249,S3-111707936,S2-273951250,S3-474586219,S2-352766187,S2-956918698,S3-281531446,S2-311410422,S2-782195218,S2-298792245,S3-755367383,S3-893756730,S3-244417503,S2-192213410
