S1-669434847	S2-181679408,S2-574183093,S3-752438925
S1-570053103	S2-679419246,S3-576990558
S1-736469556	S3-862831391,S2-114969173
S1-483126440	S3-348709689
S1-270951405	S2-459405474,S2-384230788,S2-278557322,S3-602086739,S3-965953165
S1-520799361	S2-637256715,S3-928740714
S1-56410032	S2-649252464,S3-245297640,S3-449185534
S1-518847572	S2-211488825,S2-260047691,S2-254012881,S3-6215726
S1-35309228	S3-233063199,S3-453751428,S2-987901283
S1-493139457	
S1-895087526	S3-959979735,S2-152220795,S2-129240365,S3-519412552,S2-256367139
S1-829126727	S2-949147100,S2-906666146,S3-481336163,S3-838499722
S1-74852342	S2-724758025,S2-543121965,S3-738740483,S3-343503074,S2-619331314
S1-280936763	S2-429502844,S2-61171797,S2-700631541
S1-999165514	S3-441426760,S3-772474076
S1-395055615	S3-242263311,S3-232538235,S2-13855453,S2-309606107
S1-862701045	S3-704009840
S1-674871004	S3-947248298,S3-261225013,S3-660379787,S3-872040996,S3-426807649
S1-287307821	S2-610871579
S1-323395452	S2-76783549,S3-452385707
S1-4144001	S2-98210788,S3-538792481,S3-439654644,S2-286059282
S1-512210875	S3-998257097,S2-944342330,S2-691991634,S3-968562338
S1-143287441	S2-739678362,S2-623400119
S1-126274111	S2-775330636,S2-581900957,S2-609699297,S3-789318535,S2-74153584
S1-991875825	S2-415643653
S1-219350089	S2-668557219,S2-950809230,S3-563263870,S3-480193920,S3-369078437
S1-476026008	S3-766205454,S2-19679903,S2-774400734
S1-595583207	S2-705215197,S2-218204625,S2-380887137,S2-248407523,S2-715871670,S2-450570100,S3-33119337
S1-660977005	S2-335025186,S3-500589784,S3-99832540
S1-106130112	
S1-78181547	S2-134528119,S3-166469939,S3-110130385,S2-644804058
S1-44674670	S2-235912348,S2-962874009,S3-81516060,S3-850585673
S1-712639027	S2-750127510,S3-304334739,S2-309210999,S3-676173763
S1-875777939	S2-827660040
S1-906720062	S2-335215418,S3-953027677,S2-135034633,S3-267337935,S2-863616649,S3-476537793,S2-790214841,S2-487112347
S1-868609391	S3-550303365,S2-716995163,S2-587030502,S2-409220416
S1-842551642	
S1-977549219	
S1-465557953	S2-637035013,S2-943805485,S2-380337490,S3-972494986,S3-750299649
S1-542615632	S2-301346747,S3-31043964,S2-468586306
S1-370806262	S2-311209566,S2-350775005,S2-987494138,S2-848125257,S3-628962677
S1-149784022	S3-452287724,S3-970241343
S1-208197675	S2-549510019,S2-803059532,S2-191467698,S3-301585942
S1-621024	S2-952214786,S3-106912523
S1-479716586	S3-889770482,S2-83078626,S2-474269595,S3-450670289,S2-734882510,S2-707470840
S1-73366741	S2-41793440,S2-101075258,S3-640490192
S1-866981273	S2-904325839,S2-965606272,S3-99688527
S1-48247433	S2-276436283,S2-129111470,S3-707704602,S3-560009120,S3-287016964
S1-139090022	
S1-503254241	S2-466631483,S3-354938903,S3-180251995,S2-611417535,S3-352628455,S3-559397696
S1-102847291	S2-703638062,S2-761067772,S2-740497225,S3-719200435,S3-828172850,S3-889205528,S3-896918489
S1-619110488	S2-828300188,S2-898202676,S2-977035502,S3-901496276
S1-623031914	S3-966095524,S3-718272348
S1-215270294	S3-927236319,S3-732036088
S1-762005078	S2-750793699,S2-864646605,S3-582060418,S3-492202874
S1-983603694	S3-304223423,S3-236864027,S3-261754931
S1-437281614	S3-211369934,S3-392038872
S1-590781135	S2-708944814,S2-388074335,S2-939075449,S2-153075084
S1-423414451	S2-945322452,S2-671513240,S2-157115001,S3-242791940
S1-847114478	S3-469034058,S2-549083582,S3-31417382,S3-729259453,S2-371913441
S1-526334226	S2-711227408,S2-407589959,S3-477707800,S3-5213817
S1-381894503	S3-484890428,S3-719591193,S2-104016432,S2-306256666,S2-781392633
