source1_entity_id	matched_entity_ids
S1-714132312	S3-625880872,S3-867809779
S1-106407869	S2-705547832,S3-613056593
S1-689823050	S2-65478038,S2-829077756,S2-212601842,S2-319486263
S1-481669221	S2-284602321
S1-909865979	S2-528901108,S3-699465428
S1-280204013	S2-157082864
S1-742053041	S2-73207920,S2-317425677
S1-479574617	S2-262582939,S2-985539429
S1-680637447	S2-405395037,S3-261988229
S1-870190130	S2-520350664,S3-153733853
S1-365170694	S2-487943573
S1-778640743	S3-698916948,S2-87750197,S3-467616579,S2-484690984,S2-933136796,S2-944021337
S1-378191895	S2-746770482,S2-43518857
S1-684974736	
S1-750279127	
S1-209281220	S3-893592109,S2-873605695,S2-721568013
S1-550154910	S2-43467331,S2-337846909
S1-897975128	
S1-704604312	S2-497722920,S3-7278253,S3-898208688,S2-448044955
S1-714038427	S3-556092751,S3-343322433,S2-9389075
S1-426194890	S2-206924199,S2-189578510,S2-902791828,S2-12575838,S3-131842585,S3-931551781
S1-122385784	S2-971113636,S2-396702445,S3-332768247
S1-540642140	S2-936954782,S3-580888173
S1-123475953	S3-669730032,S3-577626649,S2-803364981
S1-444801830	
S1-502376041	S2-54256234,S2-551281247,S2-408714071
S1-594021398	S3-709854915,S3-133279691,S2-815532808,S3-686916460
S1-261170522	S2-470996829,S2-219840370
S1-99245709	S3-140946557,S2-563728223
S1-339015166	S2-15078231
S1-614259237	S3-625725294,S2-567665713,S3-417545108
S1-334672926	S3-806110578,S3-356701721,S2-440961035,S3-882331197
S1-564662660	S2-989459301,S3-703576675,S2-310193917
S1-41643447	S3-567773394,S3-622841686,S2-871263672,S3-893827785,S2-52852294
S1-581360597	S3-423460994,S2-360588134,S3-140202709,S3-121863057
S1-946184931	
S1-244940399	S2-874696367,S2-212658896,S2-747246542
S1-762904067	S2-820698936,S3-922664596,S3-707694506
S1-874436225	S3-745023010
S1-816918307	S2-627029064,S2-349475651,S3-927534099
S1-52153457	S2-659968513
S1-867332501	S3-302051180,S3-229462318
S1-930501805	S3-391330203,S2-898172629,S3-870972432,S2-440187663,S2-381325188,S3-479069612
S1-474452362	
S1-802731895	S2-940583206
S1-39733947	S3-620721706,S2-580478795,S2-804159974
S1-807424751	S2-259557238
S1-269499779	S2-316196173,S3-317413229
S1-574528784	S3-658303321,S2-566724389
S1-402621048	S3-982514998,S2-108227741,S3-306200970
S1-684202485	
S1-85238196	S3-788905252,S3-84005391
S1-569369299	S3-590336083,S2-342223686,S2-862521399
S1-559615219	S3-974804834,S2-859999503,S3-350612510,S3-612659931
S1-684318101	S3-493533448,S3-376522910,S3-118918213,S3-394804953,S2-601773129,S2-153662054,S2-589772735,S3-162684321,S2-335057105
S1-503487168	S3-289438246,S2-395132657
S1-967139755	S2-216102849,S3-570238412,S2-648800275,S3-404840337
S1-983819279	S3-381086524,S3-894193993,S3-411332362,S2-994783866
S1-577269922	S2-800580498,S2-505047958,S3-39683702
S1-87832748	S3-431394326
S1-252468250	S2-860072446,S2-923936686,S3-94299676,S3-438057111,S3-876931773,S3-240265116,S3-742027212
S1-781801397	S2-503602736,S3-194352960
S1-669434847	S2-181679408,S2-574183093,S3-752438925
S1-570053103	S2-679419246,S3-576990558
S1-736469556	S3-862831391,S2-114969173
S1-483126440	S3-348709689
S1-270951405	S2-459405474,S2-384230788,S2-278557322,S3-602086739,S3-965953165
S1-520799361	S2-637256715,S3-928740714
S1-56410032	S2-649252464,S3-245297640,S3-449185534
S1-518847572	S2-211488825,S2-260047691,S2-254012881,S3-6215726
S1-35309228	S3-233063199,S3-453751428,S2-987901283
S1-493139457	
S1-895087526	S3-959979735,S2-152220795,S2-129240365,S3-519412552,S2-256367139
S1-829126727	S2-949147100,S2-906666146,S3-481336163,S3-838499722
S1-74852342	S2-724758025,S2-543121965,S3-738740483,S3-343503074,S2-619331314
S1-280936763	S2-429502844,S2-61171797,S2-700631541
S1-999165514	S3-441426760,S3-772474076
S1-395055615	S3-242263311,S3-232538235,S2-13855453,S2-309606107
S1-862701045	S3-704009840
S1-674871004	S3-947248298,S3-261225013,S3-660379787,S3-872040996,S3-426807649
S1-287307821	S2-610871579
S1-323395452	S2-76783549,S3-452385707
S1-4144001	S2-98210788,S3-538792481,S3-439654644,S2-286059282
S1-512210875	S3-998257097,S2-944342330,S2-691991634,S3-968562338
S1-143287441	S2-739678362,S2-623400119
S1-126274111	S2-775330636,S2-581900957,S2-609699297,S3-789318535,S2-74153584
S1-991875825	S2-415643653
S1-219350089	S2-668557219,S2-950809230,S3-563263870,S3-480193920,S3-369078437
S1-476026008	S3-766205454,S2-19679903,S2-774400734
S1-595583207	S2-705215197,S2-218204625,S2-380887137,S2-248407523,S2-715871670,S2-450570100,S3-33119337
S1-660977005	S2-335025186,S3-500589784,S3-99832540
S1-106130112	
S1-78181547	S2-134528119,S3-166469939,S3-110130385,S2-644804058
S1-44674670	S2-235912348,S2-962874009,S3-81516060,S3-850585673
S1-712639027	S2-750127510,S3-304334739,S2-309210999,S3-676173763
S1-875777939	S2-827660040
S1-906720062	S2-335215418,S3-953027677,S2-135034633,S3-267337935,S2-863616649,S3-476537793,S2-790214841,S2-487112347
S1-868609391	S3-550303365,S2-716995163,S2-587030502,S2-409220416
S1-842551642	
S1-977549219	
S1-465557953	S2-637035013,S2-943805485,S2-380337490,S3-972494986,S3-750299649
S1-542615632	S2-301346747,S3-31043964,S2-468586306
S1-370806262	S2-311209566,S2-350775005,S2-987494138,S2-848125257,S3-628962677
S1-149784022	S3-452287724,S3-970241343
S1-208197675	S2-549510019,S2-803059532,S2-191467698,S3-301585942
S1-621024	S2-952214786,S3-106912523
S1-479716586	S3-889770482,S2-83078626,S2-474269595,S3-450670289,S2-734882510,S2-707470840
S1-73366741	S2-41793440,S2-101075258,S3-640490192
S1-866981273	S2-904325839,S2-965606272,S3-99688527
S1-48247433	S2-276436283,S2-129111470,S3-707704602,S3-560009120,S3-287016964
S1-139090022	
S1-503254241	S2-466631483,S3-354938903,S3-180251995,S2-611417535,S3-352628455,S3-559397696
S1-102847291	S2-703638062,S2-761067772,S2-740497225,S3-719200435,S3-828172850,S3-889205528,S3-896918489
S1-619110488	S2-828300188,S2-898202676,S2-977035502,S3-901496276
S1-623031914	S3-966095524,S3-718272348
S1-215270294	S3-927236319,S3-732036088
S1-762005078	S2-750793699,S2-864646605,S3-582060418,S3-492202874
S1-983603694	S3-304223423,S3-236864027,S3-261754931
S1-437281614	S3-211369934,S3-392038872
S1-590781135	S2-708944814,S2-388074335,S2-939075449,S2-153075084
S1-423414451	S2-945322452,S2-671513240,S2-157115001,S3-242791940
S1-847114478	S3-469034058,S2-549083582,S3-31417382,S3-729259453,S2-371913441
S1-526334226	S2-711227408,S2-407589959,S3-477707800,S3-5213817
S1-381894503	S3-484890428,S3-719591193,S2-104016432,S2-306256666,S2-781392633
S1-313092170	S3-378715208,S2-965718654,S3-257078759,S2-949419776,S2-789672123
S1-60876864	S3-694410768
S1-78728267	S3-768860985,S3-250187940,S2-444637313
S1-308199161	S2-374903438,S2-112483538
S1-358927120	S3-96746280,S3-147802052,S2-183308021
S1-337122273	
S1-650650055	S2-394372248,S2-454312855,S3-539777331,S3-235343633,S3-644215342,S2-151082808
S1-834257002	S2-329632828,S2-532696465,S2-497520865,S2-328162293,S2-184048617,S3-677107608
S1-937349180	S2-336491925,S3-636253579
S1-725006887	S2-808868738,S2-27864753,S2-89479013,S3-497889707
S1-820730560	S3-156443522,S3-205029637,S2-844921308
S1-47803313	S2-622555098,S2-484711393,S2-174159267,S3-403085969,S2-558965612,S3-986269077,S3-438519975
S1-385569722	S3-913845405,S2-595801949,S3-438309312,S3-563079953
S1-453884385	S3-302762790,S2-551937352
S1-650304466	S2-142780721,S2-842540971,S3-724283444,S2-531620956
S1-762839052	S2-614086838,S2-521903677,S3-311688329
S1-550679918	S2-741962438,S2-804398499,S3-527645230,S3-510734001
S1-659666950	S2-307523785
S1-772914073	S3-124342546,S2-311413812
S1-860482342	S2-841825975,S3-353364605,S3-677464690
S1-813052697	S3-266163638,S2-815093442
S1-366528589	S3-269373616,S3-239459493
S1-640880009	S2-144777712,S2-998993156,S3-844497395
S1-887500171	S3-229248131,S2-70127952,S2-366323201,S2-506881193,S2-212873906
S1-971996731	S3-637675888,S2-686992599,S3-96426561
S1-104317115	S3-661034722
S1-518257638	S2-830223755
S1-884660527	S3-38490669,S3-763465822,S3-32149338
S1-910004085	S2-27845718,S2-864335198,S3-53383195
S1-591894902	S2-614338178,S3-326540337,S3-308159053
S1-950720921	S2-523443947,S2-781635311,S3-350913233
S1-183285524	S3-618630885
S1-714649207	S3-951221352,S2-180891391,S3-282505026
S1-841168517	S2-881658089,S3-796810596
S1-949091955	S2-398889556,S3-609791410
S1-552966879	S3-692112360,S3-645085257,S2-102925690,S3-428811585
S1-220057580	S2-721485523,S3-11680805
S1-64462728	S2-96025297,S2-958356631,S3-190954263
S1-807938084	S2-753764184
S1-693870315	S2-811518815,S2-837136038,S3-382784231,S3-913793233,S3-648884062
S1-455827432	S3-978705909,S2-582530923
S1-727773972	S3-765330242,S2-564911900,S3-965849434,S2-732339370,S2-580801602
S1-279446676	S3-879007585,S2-75992472
S1-918109974	S2-177946209,S3-604968655,S3-579849100,S3-622084470
S1-666592077	S3-171273957,S2-600661590,S3-20448301,S3-390921595,S2-871213880
S1-509532493	S3-138608272,S3-667383027,S2-575171623,S2-1709893
S1-992285010	S2-209420378,S3-216741187,S3-823215288
S1-382076507	S3-49671075,S2-98770559,S3-61597037
S1-185535466	S3-267292365,S2-381918299,S2-917768056
S1-799535694	S3-120702021,S3-986349796,S2-897255312,S2-533198227,S3-453479191
S1-598558953	S2-932444510,S3-723460337
S1-222645796	S2-73658068,S2-802513739,S3-561990506,S3-630677920,S3-733557681,S3-127315608
S1-192481319	S2-394271712,S2-4646818,S3-248807200,S3-600705293,S3-465978206
S1-413573159	S3-296666306,S2-534874301,S3-114162357
S1-782634160	S2-958316746,S2-200899200,S3-435250891,S3-988838457
S1-394334841	S2-838259380
S1-759762834	S3-560920391,S2-101559240
S1-653070765	S3-581396784,S3-75204848
S1-94096071	S3-920819522,S3-517316373,S3-5072979
S1-559968662	S2-805714849,S3-47167568,S2-50618159
S1-964877324	S2-831798734,S2-265576935,S2-44484933,S2-524118055,S2-426054187,S3-839348910,S3-9720805
S1-883416047	S2-345750695,S3-818833328
S1-182458975	S2-988827186,S2-208886077,S2-526167007,S3-671266959,S2-478735920,S3-529429526
S1-339269492	S3-105839883,S3-22377139
S1-621676240	S2-84870559,S3-328434180
S1-103138354	S2-970670539,S2-201768982,S3-388231698,S2-884898714,S3-531263103,S3-929241215
S1-279963953	S3-286285734,S2-981120565,S2-74020336,S3-113718798
S1-317707487	S2-164517163
S1-391244573	S3-617600074,S3-522723356
S1-603458137	S2-335932281,S3-240633224,S3-805929696,S3-165266489
S1-429550703	S2-661726688,S2-40728242,S2-67903463,S2-199724877,S3-34732145,S3-79826289
S1-302219416	S2-619281000,S2-794642445,S2-877188898
S1-336786786	S3-383999483,S2-604300347,S3-657582288
S1-800911534	S3-398248667,S2-460623120,S3-767038366,S3-633392691,S2-199446923,S3-736628485,S2-157906621
S1-181883447	S3-289476561
S1-1433093	S2-694334841,S2-749930455,S3-875515257
S1-733472967	S2-313610510
S1-89100953	S2-972087927,S3-721010933
S1-848293840	S3-976990015,S3-270115458,S3-841358941,S2-642789912,S3-200269765,S2-679649998
S1-915512126	S2-519712884,S3-704943458,S3-176140138
S1-901504091	S2-667819447,S3-541222853,S3-383490660,S3-309654028,S3-762554889
S1-724741475	S2-155098931,S2-606472999,S3-390632769
S1-851421910	S2-422709661,S3-532090205,S2-228854275,S3-994781915,S3-447099211
S1-430298053	S2-397242502,S3-766866594,S3-141533889,S2-629094404,S3-977572306
S1-307277652	S2-546977368
S1-503010787	S3-755851547,S3-819157238,S2-345146200,S2-643631810,S3-4565956
S1-520627257	S2-698342928
S1-255349799	S3-295673786,S2-553828428
S1-661144640	S3-339889085,S2-295716273,S2-862791934,S3-879963071
S1-892745196	S3-530232127,S2-555150947,S2-676306549,S3-257444844
S1-751409146	S3-864009858,S3-762215187,S3-229628380
S1-13506955	S2-730414002,S2-182444364,S2-462737651,S3-359760971
S1-262020943	S3-337711182,S2-326037526
S1-746909581	S2-262382697,S3-348938418,S3-680428993
S1-481776787	S3-881834068,S3-422842423,S2-22325404
S1-870654726	S2-396413206,S2-787218356,S2-641028708
S1-459183905	S2-940849,S3-216123505,S2-314676189,S2-296685026
S1-782456413	S2-272813285,S2-171354758
S1-687813152	S3-798873468
S1-528962373	S3-852755304,S3-542715889,S3-437572180,S2-323502734
S1-133484055	S2-211962563,S3-114874820,S3-834401847
S1-162954117	S2-835102949,S3-724395502
S1-547053441	S2-441498593,S2-791288454,S3-766620076,S3-353412449
S1-302536542	S3-142831455,S2-503398864,S3-494911393,S3-971116668
S1-457601305	S2-521820814,S2-673136247,S3-357355808,S3-880101007
S1-488635826	S2-773133873,S3-527798052
S1-349698918	S3-109887568,S3-5371667,S2-852184431,S3-748902866
S1-72706873	S3-72404641,S2-176187828,S2-254553616
S1-78029452	
S1-717385838	S3-552629774
S1-11379912	S3-680233461,S2-635303118,S2-303691216,S3-485744950
S1-655700316	S3-805064781,S3-428223938,S3-839238856
S1-484349079	S3-601415960,S3-640758795,S3-686593460,S3-113246901,S3-80095208
S1-595486290	S2-229398976,S2-510748973,S2-964632227,S2-82408242,S3-689644173,S3-719628089
S1-748500004	S2-165335827,S3-249608763
S1-587404171	S2-993678325,S3-112184950,S2-291808904,S2-730141595,S2-648173688,S2-463233485,S3-168225316,S3-559167767,S3-146906990,S3-932879285,S3-768590764,S3-925287672,S3-849105325,S3-437901952,S3-550747526
S1-986604838	S2-423356920,S2-768406948,S3-602859470,S3-948858105,S3-903634462,S3-4726789,S3-86396304
S1-766408899	S3-886695504,S3-561351663,S2-241671519,S3-806759712,S2-698432089
S1-507163415	S2-222304285,S2-955628052,S2-293249103
S1-873761236	S2-599101735
S1-327983313	S2-359606381,S3-106384703,S2-505184940
S1-77383698	S3-556176569,S2-175969252
S1-273531258	S3-982510707,S2-340096467,S3-987909734
S1-772535560	S2-995299451
S1-598136304	S2-957041003,S2-607129167
S1-789788578	
S1-346777444	S2-896463322,S3-619932727,S2-555447790,S3-538156079,S2-24045126
S1-544222533	S2-265295530,S3-783019269,S2-331095194
S1-493959729	S3-10104461,S3-802682983,S2-794833133
S1-430462466	S2-964867476,S2-873269957,S3-908111718
S1-792204527	
S1-198662647	S2-264873064,S3-849257316,S2-235142839
S1-431137009	S2-615119950,S3-149023804,S3-383791259
S1-22335277	S3-888944724,S2-341571081
S1-291584542	S2-984555098,S2-426040361
S1-556611862	
S1-32767080	S2-947904269,S2-881934994,S2-341381990,S3-249785537,S3-553223448,S3-132323777,S3-434526002
S1-242691036	
S1-770890247	S3-503784177
S1-201994316	S2-629267940,S2-9398298,S3-195593554
S1-905520099	
S1-766655509	S2-324514722,S2-118345329,S2-14965784,S2-500567211,S3-968239728,S2-151082852,S2-818146881
S1-415414688	S3-351215890,S3-636208465
S1-948985690	S2-731053221,S3-435297936,S2-218345611,S2-751879798,S3-830433871
S1-653149647	S2-771594640,S2-592481835,S2-106195670,S2-237169429,S3-352389157,S3-477220717
S1-657251225	S2-911102732,S2-594468284,S3-709721988
S1-244474490	S2-850711259,S3-706227830
S1-269094403	S2-354866941,S3-579698598,S3-315835824
S1-355078971	S2-967043770,S2-219605461,S3-259531664,S3-775158205,S3-823212755
S1-51627651	S2-768379176,S3-986477165,S3-418649267
S1-288364156	S2-650050523,S2-905286611
S1-500222888	S2-302803808,S2-272662038
S1-247274429	S3-9265558,S3-526333854
S1-260204874	S3-753873158,S3-622057450,S3-801819397,S2-643867241
S1-511066423	S3-531726421,S2-895883320,S2-33971433,S3-832699909
S1-605505884	S2-67625921,S3-486634272,S3-96744294
S1-882791035	S2-340167628,S3-674457549
S1-764707596	S3-925445120,S2-103486184,S3-152197289
S1-346760887	S3-554217367,S3-626595903,S3-241943445,S2-856893245
S1-597621907	S3-215349746,S2-948710445,S3-844596953,S3-344602925
S1-36048451	S2-798518207,S2-421365608,S3-134207124,S3-589715619,S2-915387392,S2-173163909,S3-290404222,S3-405080909
S1-98985291	S2-813078766,S2-255642223,S3-562180697,S3-153400247
S1-368908513	S2-156275993,S2-994590055,S2-41708488
S1-504750404	S3-234941771,S2-453591022
S1-687138169	S2-347711359,S3-672052844,S3-802730094
S1-576111952	S3-58767697,S3-668880039,S3-372012280
S1-220372723	S3-615061169,S3-532711059,S3-279850472,S2-133282411
S1-591377734	S2-287903578,S3-473420679,S3-869085204,S3-631249460,S2-468333434,S2-388657964,S2-345474432
S1-915233460	S2-312521509,S3-916903152,S3-193251751
S1-808794467	S3-194019715,S3-144816318,S2-28494204,S3-887429767
S1-119248132	S3-410239058,S2-608592049,S3-870523767,S2-798840309,S3-989024758,S3-767221978
S1-710758303	S2-653826806,S2-182494628,S2-77214336,S3-538369895,S2-583217668
S1-105001584	S2-862646267,S3-373422047,S2-539918232
S1-382212549	S2-950810866
S1-35578091	S2-812811748
S1-34932143	
S1-869422569	S2-996492139,S3-327805350,S3-556846194
S1-844617434	
S1-488174268	S3-709307418,S3-53857032,S3-763522299,S2-43588021
S1-963501196	S2-751531434,S2-497960777
S1-531518308	S2-744729615,S3-992865752
S1-288588262	S2-688547635,S2-505214118
S1-94665545	S3-523271833,S3-212427522,S2-156597592
S1-460829054	S2-460644550,S2-558097065
S1-817207769	S2-151628700,S2-814987512,S3-341661090,S3-408502038,S3-649629409
S1-937797030	S2-273199115,S3-219706758,S2-306365270
S1-305324409	S2-538431328,S2-716339540,S3-983020230,S2-2568449,S2-673153688
S1-927419156	S3-553823533
S1-261393939	S2-952772786,S2-663333137,S3-798716809,S3-934155210,S3-378597581
S1-158003567	S2-752999526
S1-772204055	S2-54075828,S3-388664178,S2-13831009,S3-150953595,S2-575486031
S1-958709603	S2-217787070,S3-99342904,S2-770345966,S3-62253738
S1-864062904	S3-82346802,S3-985626280,S2-732337462,S3-222114269
S1-389115869	S3-440231971,S3-723668070
S1-32131273	S3-37999841,S3-616094707,S2-161816573
S1-485290093	S2-391470171
S1-449015682	S3-401846060,S3-511453450
S1-273693856	S3-999799258,S2-474719554,S3-553546546
S1-216847975	S3-250695683,S3-745842891
S1-942180728	S2-569178386,S3-481129684
S1-704576365	S3-672631699,S2-261312440,S3-295120158
S1-706359294	S2-226249663,S2-833115076,S2-662224042,S3-83193807
S1-688852755	S2-96119259,S3-180948633,S3-656373062
S1-501963178	S2-425632395,S2-582984232,S2-908376535
S1-428039663	S2-300649735,S2-232069665,S2-299350771,S2-762997974,S3-139699012,S3-66134298,S3-378068001
S1-394925431	S3-830009176,S3-828294643,S3-549479398,S2-975551884,S2-301790862
S1-29387523	
S1-369896511	S2-503256370,S3-237385457,S3-404266032
S1-973133967	S3-630872867,S3-856305612
S1-957109842	S2-786869610,S2-674944206,S2-895104475,S3-34191363,S2-392770174
S1-718126154	S3-424285521,S3-817104725
S1-122221465	S3-361144509,S2-30843954,S2-626722746,S3-290887544
S1-241758739	S2-897389308,S2-569620637,S3-768672609
S1-292853265	
S1-563412246	S2-80635030,S3-86295170,S3-120417277
S1-635915279	S2-304689515,S3-262596726,S2-564378421,S3-743699948
S1-257953143	S2-987201889
S1-935953663	S3-445850071,S2-175441980
S1-66970748	
S1-613214928	S2-602193104,S3-119847305,S2-771376585,S3-69801156
S1-68168779	
S1-181117450	S3-839136802,S3-458100315,S3-331581607,S2-717260584
S1-337798606	S2-745088222,S2-965135806,S2-578647913
S1-877808612	S3-690283865
S1-415245659	S3-270146427,S2-881342207
S1-590126941	S2-316239802,S2-826009647,S2-649078488,S3-219891507,S3-28524867,S2-539823656,S2-224325736
S1-852807313	S2-497467536
S1-643209618	S3-421937674,S2-876959001,S3-642887610
S1-581863940	S2-717056224,S2-280495673,S3-757260746
S1-778630887	S2-8956786,S3-683393227,S2-379266111,S3-103392578,S3-923859275
S1-377916068	S2-109831975,S2-85544731,S2-157594268,S3-472459483
S1-37907520	S2-644690671,S2-773931107,S3-85181581
S1-637166800	S3-980674923,S3-672609678,S2-961334609
S1-352595333	S3-850250499
S1-260721574	S2-940550345,S3-816277976,S2-635004511
S1-677484813	S3-985253425,S2-686217912,S2-513585161,S3-913419135,S3-131960377
S1-759995112	S3-486246546,S3-67786041,S2-832667915,S2-345531318
S1-443768681	S2-337510589,S2-425172917,S2-252197098,S2-764858845
S1-170472252	S3-356215358
S1-224275529	
S1-427329185	S2-725027059,S3-669199922,S2-594138380
S1-417606815	S2-217586624,S3-176648692
S1-488457630	S3-416629899,S3-495442608,S3-6434216,S2-453978657
S1-818470647	S2-916383707,S2-619667608
S1-534346740	S3-372985779
S1-729626041	S2-552335943,S3-26527680,S2-950540504,S3-823193070,S2-211620076,S3-532064557
S1-204633959	S3-321053165,S2-316618601,S2-558685396
S1-553186193	S3-103139679,S3-517444925,S3-375137324
S1-42502314	S2-805973378,S2-791975914,S3-997439599,S3-239027294
S1-317114355	S2-547343729,S2-605047420,S3-220189324,S2-814329957,S3-210426426
S1-334574390	S3-463294876,S2-933342629
S1-649110450	S2-959401357,S3-703016194,S3-218837713,S3-154145893,S2-41552331
S1-533417053	S2-891850639,S3-603595544
S1-152550844	S3-509245051,S3-259948008
S1-643493833	S3-992621756,S3-85298591,S2-460957855
S1-734921625	S2-395968980,S2-258649946,S3-508957147,S2-812284224
S1-68108533	S2-638829953,S2-693718688,S3-805756321
S1-789286562	S3-858211493,S2-135641356,S2-496571830,S3-338322650
S1-493735795	S2-424809744,S2-315173588,S2-626656210,S2-24727344,S2-611892787,S3-7003836,S2-20091273,S2-407264031,S2-358458182,S2-946420290,S2-817535871,S2-97630076
S1-870309113	S3-907848864,S3-192165399,S3-200795467,S3-706760438,S2-575199441,S3-209924997
S1-755184527	S3-894213667,S3-648093093
S1-741750910	S3-751629724,S3-525134353,S3-350581005,S2-578052013
S1-396704474	
S1-77449994	S2-439800555,S3-36626261,S3-747480626
S1-607302089	S2-172217048,S2-322362124
S1-194589041	S2-54469895,S3-702161414,S3-48865405
S1-550464269	S2-412816698,S2-863734083,S2-101582651,S3-402487577
S1-405440827	S2-855072345,S3-534206930,S2-466353630,S2-621599688,S3-519696024,S3-346977332,S3-606532087,S2-610883780
S1-500922440	S2-807806179,S2-874380773,S3-360140904,S3-479392485,S2-340393302,S3-218936405
S1-111694025	S2-407284706,S2-315885501
S1-760235082	S2-659486826,S3-712615492
S1-17665971	S3-496161403,S2-83505977,S3-582282108
S1-131623880	S2-331509491
S1-453383072	S2-694584321,S2-950608775,S3-803589384
S1-573827896	S2-622861417,S2-839509841,S2-333894886,S3-867855264
S1-740059747	S3-999124758
S1-979645754	S2-158178824,S3-595302669,S2-553813720,S3-956106421,S3-631581269
S1-5694837	S3-91486203
S1-895155435	S3-279771653,S2-560295438
S1-552090769	S3-997452390
S1-444520529	S2-718766170,S2-156324323,S2-399160576,S2-982694384,S2-603766581,S3-897997786
S1-481259122	S2-815121682,S3-744897618
S1-170318976	S3-421139932,S3-859100872
S1-626957328	
S1-820877559	S3-538718785
S1-111296778	S3-208264360,S3-637871505
S1-847310129	S2-867721467,S2-239734521,S3-933496503,S3-315299900,S2-692375652
S1-546941880	S3-256519954,S3-894349537,S2-465664968,S2-588209695
S1-697980001	S2-256337315,S3-203229271,S2-504920500
S1-338401200	S3-252303002,S3-104676057
S1-501819870	S3-86029133,S3-123289138,S2-718580383
S1-541668027	S2-391058869,S2-987475979,S2-322333068,S2-413444978,S3-239202199,S3-177363978
S1-702544592	S2-626067390,S2-578946943,S3-856160330,S2-733744878
S1-528495462	S2-383221971
S1-545863954	S2-384442003,S3-178364508,S2-759573929
S1-772195807	S2-293394835,S2-816377325,S3-947167928
S1-453539657	S3-623621291,S2-585268205
S1-46249643	S2-634987820,S2-892346000,S3-782320906,S3-157343847
S1-317928365	S2-712915475,S3-228161558,S3-703115104
S1-735449543	S2-229032336,S2-836095663,S3-633657927,S2-466174713,S3-797335165,S3-996877728
S1-368898506	S3-66904920
S1-39608811	S2-257356782,S3-841843337,S3-639907728,S2-861470259,S3-182536681
S1-740176897	S2-931284874
S1-699373004	S3-651042438,S3-899519484,S2-209835331
S1-760964613	S3-929746741,S3-878453173,S2-799642254,S2-333212118
S1-759533619	S2-71437052
S1-415302434	S2-773297543,S2-8286129,S3-576329809,S2-356895067
S1-397514626	S2-902966935,S3-683176901,S3-143478814,S3-781993085
S1-603295553	S3-428577973
S1-829004597	S2-769107340,S3-26320711,S2-220969219
S1-340381642	S2-8017290,S2-281500497,S2-855102414
S1-831508195	S3-896286202,S3-351277632,S3-497292140,S2-634411717
S1-715029307	S3-198439350,S2-225811478,S3-122524329,S3-741540347
S1-30383410	S3-126971257,S2-47120752
S1-267323354	S3-355090287
S1-189661852	S2-484249068,S3-869708060
S1-232418369	
S1-626838100	S2-491397089,S3-245904961,S2-884423982
S1-900373432	S2-51836856,S3-844746576,S3-554795898
S1-322014701	S3-263575684,S3-662334585,S2-341236819
S1-714107578	S2-651375289,S2-664822511
S1-923533895	S2-784805376,S3-819001814,S3-177858687
S1-445155683	S3-840384763,S3-91205950,S3-568536093
S1-70052354	S2-536279355,S2-326675720
S1-954767088	S3-229261207,S2-851106858
S1-529469516	S2-26517926,S2-179000449,S2-441388235,S3-982893132
S1-156285671	S3-871416040
S1-921369899	S2-808920974,S3-285097097,S2-107533354,S3-57594330
S1-913506265	S3-258414643,S3-388866191,S2-377106401,S3-779081972,S2-291691817
S1-628750886	S2-406813553,S3-361673112,S2-696378102,S3-734992856,S3-159214046
S1-466641145	
S1-385801270	
S1-717749279	S2-768360552,S3-178555200,S2-51053506,S3-206088667,S2-475800989,S3-926674871
S1-616465752	S2-324066161,S3-466005458
S1-261476747	S3-255859609,S2-300243886,S2-969569602
S1-969300060	S2-549617192,S3-986110458
S1-295346696	S3-702465430,S2-567366590,S2-621745304,S3-579606701,S3-281922741
S1-81033582	S2-625290267
S1-776267063	S2-455205203,S2-810427923,S3-750193026
S1-457973373	S2-155002316,S3-200183523
S1-273768056	S2-838127786,S2-763322790,S3-16275066,S3-690125736,S3-526615781,S2-82906936
S1-351656683	S2-835954210,S2-788301924,S3-798145472,S3-546608198
S1-83258310	S2-97347354,S2-527562969,S3-770651045
S1-383508132	S2-44875347,S2-331990122,S2-609534536
S1-960747316	S2-517236620,S3-22960445,S3-316989129,S3-374035710
S1-345501851	S2-617679794,S2-212834292,S3-526884354
S1-548433616	S2-615586385,S3-11519900,S2-580499195,S3-317330782,S3-504953347
S1-396150929	S3-408245839,S2-837892122,S2-194451194,S2-781880052
S1-261642209	S2-964573270,S2-600368334,S2-613574387,S3-367004823
S1-720336913	S3-24123387,S2-264383023,S3-209882281
S1-142638295	S2-237661324,S2-461729876
S1-819898451	S3-337186313,S2-451738770,S3-826899359,S2-931592802,S2-283043147
S1-527611593	S2-231046783,S2-446688351,S2-21640846,S3-404844752,S3-121093290,S2-606037572,S3-179252750,S3-398709390,S3-497764022
S1-615018738	S3-96028442,S2-110661751,S2-693064683
S1-682391735	S2-526071240,S3-965393503
S1-693956169	S3-202856170,S3-592419390,S3-881912667,S2-27080238,S3-862811984,S3-753257823,S3-105789238,S2-260973802,S2-917179719
S1-837916944	S2-298100855,S2-583392216,S3-296834043,S3-904722267
S1-17003766	S2-653673342,S3-883709464,S2-898435665,S3-714994502,S2-341012712,S2-365194406,S2-558972128,S3-123488718,S2-161594347,S3-68837364,S3-838059669,S2-774928028
S1-667272642	S3-288436621,S3-844202523,S3-327176165,S3-681628087,S2-361863238,S2-458551433,S3-827611030,S2-521300419,S3-647989632,S3-307751871,S2-147559201,S3-34066090,S2-303298605,S3-943432159,S3-331663953,S2-6324234,S2-743314424,S2-237978612,S3-514615720,S3-672649459,S2-361038008
S1-827961773	S2-614356206,S3-666859234,S2-776909608,S3-449101992,S2-963791726,S3-754125041
S1-418524279	S3-632154667,S3-765302009,S2-819675810,S2-337652709,S3-19393151,S2-972009828
S1-784673398	S2-442684553,S2-413804324,S3-72841455,S3-933859987
S1-889012090	S3-265734095,S3-358512104,S2-223338709,S2-620204661,S2-107559217
S1-655802552	S3-494393611,S2-661143069
S1-788563249	S2-805916277,S3-136073159,S3-875372938,S3-868709516
S1-276402071	S3-286516942,S3-567877126
S1-936869465	S3-278512090,S2-876971794,S2-211051743
S1-133928599	S2-168720522
S1-871112769	S2-561370006,S2-851055500,S3-36920381,S3-49471210,S3-102042049
S1-857992844	S3-159487450,S2-293613144,S3-996390266,S3-782180487
S1-197043206	S3-404963448,S3-192291597,S3-777728638,S2-632410359,S3-726649884,S3-757939774,S3-644669528
S1-868105169	S3-58791393,S3-596477446,S3-25927102,S2-294323222,S2-968505057
S1-962993818	S3-503847549,S2-306242416,S3-88886836
S1-608940471	S3-294522941,S3-630874449
S1-907329636	S2-458961697,S2-539670103,S2-755138518,S2-675959938,S3-39096533,S3-608070358,S3-899700002,S2-446075039,S3-906633346,S3-266509870,S3-152343407,S3-977848242,S3-97473740,S3-215504733,S3-56719888,S3-941290988,S3-970433216
S1-545791724	S3-688615955,S2-316950910,S3-503922152,S3-901018809
