entity_id	business_name	business_address	country
S1-714132312	Zephay Labs Inc	2621 Cotten Road, Tyler, TX	US
S1-106407869	Vision Partners Corp	IA, Iowa City, 1064 Newton Rd, Unit 11	US
S1-689823050	Red Perfect Trading	Mirzapur, Ews 12, Uttar Pradesh, Mirzapursadar, Awas Vikas Colony	India
S1-481669221	Nandlal Kisan LLP	D-61 Ifs Apartmentmayur Vihar I, New Delhi, East Delhi, Delhi	India
S1-909865979	Cure Seafood	1325 Brooklyn Walk, Issaquah, WA	US
S1-280204013	Om Constructions Pvt Ltd	Karauli, Rajasthan, Karauli, Pani Ki Tanki Ke Pas Choubepada	India
S1-742053041	Roongta Sangh	Bhubaneswar, Sub Plot No.-L6/29, Mahodadhi Bhawan (Next To Iter College) Panchasakha Nagar, Dumuduma, Khordha, Plot No.-780, Orissa	India
S1-479574617	Anupama Estates Pvt Ltd	26, Ram Nagar, Behind M.C Quarters Near Jagadhri Gate, Ambala City, Haryana	India
S1-680637447	Siliguri Media Pvt Ltd	S No. 42/2/3, H No. B/5, Santkrupa Niwas, Ramnagar, Pune City, Pune, Maharashtra	India
S1-870190130	Naman Trust	60 Kashipuri Kabirkhedi, Indore, Madhya Pradesh	India
S1-365170694	Consulting Sai Nanak Private Limited	A-115, Freedom Fighter, Enclave Neb Sarai, South Delhi, Delhi	India
S1-778640743	Blinny Gordon Apex Rate	100 Hartsdale Avenue, Unit Apartment TPE, Greenburgh, NY	US
S1-378191895	East Marketing Private Limited	Howrah, 2, West Bengal, India Exchange Place, 2Nd Floor, Room 13, Kolkata	India
S1-684974736	Garcia Mercury Corp	600 SE 2nd St, Pelican Rapids, MN	US
S1-750279127	Sra Export	A-73, Lajpat Nagar-I, New Delhi, South Delhi, Delhi	India
S1-209281220	ZH Plus Private Limited	37B, Pushtikar Chs Ltd, Shiv Sadan, Near Patel Estate, Jogeshwari (West), Mumbai, Mumbai City, Maharashtra	India
S1-550154910	Tech Management Private Limited	H No. 16-2-751/A/70, Kara, Chanchalguda, New Malakpe, Saidabad, Hyderabad, Telangana	India
S1-897975128	Prime Aditya Agro	1-76, Brahmanapalli Village, Andole Mandal, Jogipet, Medak, Telangana	India
S1-704604312	Market Sciences (India) Ltd	A-15 Phase-10, Shiv Vihar, Karawal Nagar, Delhi	India
S1-714038427	Delta Partners Inc	2202 Brandywood Drive, Murfreesboro, TN	US
S1-426194890	Midwest Alliance LLC	1045 Lazy Acres Road, Protem, MO	US
S1-122385784	Castaneda Capital LLC	105 Paula Boulevard, Brookhaven, NY	US
S1-540642140	Tri-State Network	3105 Stonegate Drive, Paragould, AR	US
S1-123475953	Sankalp India	New Delhi, South Delhi, Ii Nd Floor Malviya Nagar, Delhi, A-87	India
S1-444801830	Site Win Private Limited	F-47 501 Rasta Peth Pune, Pune, Maharashtra	India
S1-502376041	Chayan Trading Private Limited	Flat No 404, Block-1, Rbr Complex, Miyapur Serilingampally Mandal, Hyderabad, Rangareddy, Telangana	India
S1-594021398	Abohar Logistics Pvt Ltd	C/O Manoj Kumar St No. 1, Model Town Sunder Nagari, Abohar, Firozpur, Punjab	India
S1-261170522	Reid Can LLC	1404 Irving Hill Drive, Knightdale, NC	US
S1-99245709	Skyking Enterprise LLP	A-606, Sankalp Iconic Tower, Near Iscon Cross Roads, S.G. Highway, Ahmedabad, Gujarat	India
S1-339015166	Brzee Law Chambers	No.7Groundfloor, Mhtresidence Green Orchrds Layout, Bannerghttamainroad, Bangalore, Karnataka	India
S1-614259237	Lilia Prosser Generating LLC	123 Dorchester Court, Waukegan, IL	US
S1-334672926	Traify Superior Pharmaceuticals	19 Laurel Ridge Court, Wallingford, CT	US
S1-564662660	Fregoso, Andrews and Reed Biotech Associates	25246 33 Avenue, Saint Cloud, MN	US
S1-41643447	R M V Ii Stage Storage Pvt Ltd	Opp H I G House 233, Dollars Colony I Main, Bangalore, Karnataka, R M V Ii Stage, No. 6	India
S1-581360597	Pediatric Dentistry Pacific Physicians PC	9121 Susie Lane, Little Rock, AR	US
S1-946184931	Quartz L.L.C.	56 Rock Hill Circle, NC, Asheville, Unit 65	US
S1-244940399	Goenka & Co	D 2054A Palam Vihar, Gurgaon, Haryana	India
S1-762904067	Green Global Private Limited	F-85, Ist Floor, Lsc, Vardman Mall, Nehru Vihar, Delhi, North Delhi, Delhi	India
S1-874436225	Galaxy Power Private Limited	Shop No 4-5-13-14 Paras Plaza, K C Jain Nagar, Ratnagiri, Ratnagiri, Maharashtra	India
S1-816918307	Guru Shiva Technology	C/O Chandan Mallick, Shop 16 R A Enclave Ground Floor, Howrah, West Bengal	India
S1-52153457	Indo Infrastructure Private Limited	N 161 A, Saira Tower, 3Rd Floor Commercial Complex Gulmohar Enclave, New Delhi, South Delhi, Delhi	India
S1-867332501	Crystal Wear Pvt Ltd	Ward No.- 4, Raj Palace, Juran Chapra Road No.- 3, P.S-Brahmpura, Muzaffarpur, Bihar	India
S1-930501805	Ortiz Direct Rent, LLC	1N 231 Blue Jay Court, Carol Stream, IL	US
S1-474452362	Crystal Complete Vaneck	OH, Portsmouth, 1716 Timmonds Avenue	US
S1-802731895	Bright Builders Private Limited	Karnataka, Bangalore, Plot No 115, Bangalore, 7Th Main, 3Rd Cross, 3Rd Phase, 1St Floor, Peenya Industrial Area	India
S1-39733947	Laon Equity Partners, Inc	604 King Street, Boone, NC	US
S1-807424751	Kandivali West Care Limited	Mumbai City, 401, Maharashtra, Tower D, Orchid Suburbia, Off M. G. Road, Link Road, Kandivali West	India
S1-269499779	Sky Techno Public Limited	Karnataka, No.14, Ist Floor, Kempannanavara Thota Kanakanagar, Vijayanagar North, Bangalore	India
S1-574528784	Federal Owl	95-26 243rd Street, Hempstead, NY	US
S1-402621048	Creative Developers Limited	21/56 Punjabi Bagh, New Delhi, West Delhi, Delhi	India
S1-684202485	Super Anand Construction Private Limited	No. 2776, 21St Main Road, 1St Sector Hsr Layout, Bangalore, Karnataka	India
S1-85238196	Diversified Research Global Co	5161 Louis River Way, Tucson, AZ	US
S1-569369299	Horning Atlas LLC	1221 Cambridge Street, Unit T05, Cambridge, MA	US
S1-559615219	South Horizon Bitcoin-Virginia Beach City	453 Garrison Place, Virginia Beach City, VA	US
S1-684318101	Johnson Platforms LLC	41 Point Street, Unit Apartment 3C, Yonkers, NY	US
S1-503487168	Star Foundation Private Limited	1686, Sohan Ganj, Subzi Mandi, Delhi	India
S1-967139755	Bathla & Co Limited	Mumbai, Flt No.B/604, Dahisar East, Maharashtra, Ekta Bldg 10, C.S.Rd 4, Ashish Complex	India
S1-983819279	Seor Consumer	1841 Park Lake Drive, Unit Apt 8, Fayetteville, AR	US
S1-577269922	Maragondanahalli Main Rd. Entertainment Private Limited	21, Suman Sadana Ragavendra Layout Doddamuniswamy Reddy Layout Road, Maragondanahalli Main Rd., Bangalore, Karnataka	India
S1-87832748	Brown Outdoor LLC	2318 Reese Street, Morristown, TN	US
S1-252468250	Jain Technologies Pvt Ltd	C/O Smt. Chhota Devi, Shop No 179 Villege Looniyawas, Goner Road, Jaipur, Rajasthan	India
S1-781801397	Sterling Solutions Pvt Ltd	H No 12 Ground Floor Sahipur Village Shalimar Bagh, Delhi, North West, Delhi	India
S1-669434847	Triveni & Partners	Khashmallik, Dakshihn Gobindopur, Holding No- 986, 24 Parganas South, Twenty Four Parganassouth, Parganas South, West Bengal	India
S1-570053103	Endura & Co	C/Omanendra Prasad Sinha, Quality Campus A203, Lohia Nagardath, Jagdeo Path, Patna, Bihar	India
S1-736469556	Indian Technologies Private Limited	40 Western Road, Kolkata, Howrah, West Bengal	India
S1-483126440	Bright Marketing Private Limited	Dhantala Bazar, Dhantala (Beside Dhantala Police Station), Dhantala, Nadia, West Bengal	India
S1-270951405	Synergy Traders Limited	H.No 902/903, St No. 16/4, Punjab Mata Ngr, Pakh Rd, Ludhiana, Punjab	India
S1-520799361	Mountain Coalition	141 Adelaide Way, Rock Hill, SC	US
S1-56410032	Chiropractic Express Care Associates Inc.	Ottumwa, IA, 37 Brookwood Court	US
S1-518847572	Urban Bike Shop Group	14028 Manistee Avenue, Burnham, IL	US
S1-35309228	Freestone Custom Management LLC	East Hampton, NY, 100 Deforest Road	US
S1-493139457	North Industries Private Limited	Maharashtra, Thane, Office No 112 Palika Bazar Kapurbawadi Thane West	India
S1-895087526	Pnp Audio of Mumbai	Mumbai, Maharashtra, Bandra Suburban, B/1 And B/2, Navin Bharat Co-Op Hsg. Society, Plot No.4, 10Th N. S. Road, J V P D Sche, Me	India
S1-829126727	All Energy Private Limited	D/N 1-110/2, Sivalayam Veedhi, Pasalapudi, East Godavari, Andhra Pradesh	India
S1-74852342	Ingram & Liguori LLC	209 Illinois Avenue, Brookhaven, NY	US
S1-280936763	Ankit Event	Delhi, Janakpuri, Plot No A3/12 S/F, West Delhi, New Delhi	India
S1-999165514	Mitra Polytechnic	Bb 18A, Ground Floor, East Shalimar Bagh Hanuman Mandir, Shalimar Bagh, Delhi, North West, Delhi	India
S1-395055615	Birch L.L.C.	194 Vogel Road, WA, Castle Rock	US
S1-862701045	Agni Product Private Limited	19-488/5 Ramnagar, Mancherial, Adilabad, Telangana	India
S1-674871004	New It LLP	At Post Mungaste, Thane, Maharashtra, Survey No.20/22/23-24/26, Vada	India
S1-287307821	North Management	303, Abhay Steel House, 3Rd Floor, 59-E Baroda Street, Carnac Bunder, Mumbai, Mumbai City, Maharashtra	India
S1-323395452	Status Brothers Private Limited	No 8, Palayakkaran Ekkattuthangal, Chennai, Tamil Nadu	India
S1-4144001	Cascade Parts	348 Jefferson Street, Batavia, IL	US
S1-512210875	Delta Fellowship	2221 Kirks Road, Granger, WA	US
S1-143287441	WPI Consumer Private Limited	27/19 East Patel Nagar, New Delhi, Central Delhi, Delhi	India
S1-126274111	Speas's Solutions Inc	100 Miley Lane, Hendersonville, NC	US
S1-991875825	Keystone Wholesale Solutions LLC	4782 Bartow Road, Greenwood, FL	US
S1-219350089	Foot & Ankle Care L.L.C.	Jacksonville, NC, 312 Seminole Trail	US
S1-476026008	The Dent Pizza	1408 Adrian Lane, Montgomery, AL	US
S1-595583207	WVR Secure Shore	411 Stony Way, East Norriton Township, PA	US
S1-660977005	New Transports Pvt Ltd	11/664 Gf, Indira Nagara, Lucknow, Uttar Pradesh	India
S1-106130112	Better Consumer Works Partners	NY, 46 Mccouns Lane, Oyster Bay	US
S1-78181547	Jaclin's Allied Tire Shop Inc	2026 Berlin Station Road, Delaware, OH	US
S1-44674670	Alder Charitable Trust	S U, 216, Pitampura, Delhi, North West Delhi, Delhi	India
S1-712639027	Creative Projects Private Limited	2Nd Floor, Shree Vyankatesh Market, Main Road Sitabuldi, Nagpur, Maharashtra	India
S1-875777939	Behavioral Health Grand Specialists	7041 Mariposa Street, Phoenix, AZ	US
S1-906720062	Southern Foods Private Limited	12 A Netaji Subhas Road, Kolkata, Calcutta, West Bengal	India
S1-868609391	Amber Line Inc.	4456 Bouy Lane, Denver, NC	US
S1-842551642	Sweet Deli LLC	7444 Kingsland Drive, Memphis, TN	US
S1-977549219	Little Cleaning Service	Frederick, MD, 7304 Grove Road	US
S1-465557953	Delta Madison	412 Coopers Mills Road, Windsor, ME	US
S1-542615632	Mauriello, Hu & Hendrickson Corporation	Rockville, 624 Denham Road, MD	US
S1-370806262	Rico, Burkhardt & Higginbotham Inc	31948 Shavox Road, Salisbury, MD	US
S1-149784022	Continental Center Center	1617 Mcclure Place, Dallas, TX	US
S1-208197675	International Logistics LLP	Plot No-10, Ground Floor, Block-Ef, Inderpuri, New Delhi, Central Delhi, Delhi	India
S1-621024	AP Health Inc	N3864 P, Town Of Rubicon, WI	US
S1-479716586	Borton Specialty P.C.	12 Fairchild Avenue, Saugus, MA	US
S1-73366741	SY Centre Private Limited	E 25, South Extension Part 2, New Delhi, South Delhi, Delhi	India
S1-866981273	Jsw Chit Private Limited	1/11193, Sf, Street No - 12, Subhah Park, Naveen Shahdara, Shahdara, Delhi	India
S1-48247433	Flint LLC	IL, Ullin, 145 Locust Street	US
S1-139090022	Gcb Business Pvt Ltd	Ff-27, Harmony Commercial, C Wing Nr. Motilal Nagar I, Link Road, Goregaon (, West), Mumbai, Mumbai City, Maharashtra	India
S1-503254241	Davis States LLC	2935 3580, St George City, UT	US
S1-102847291	Technologies Sree Vyapaar Ltd	No.5, 2Nd Floor, Thiruporur Road, Hasthinapuram, Chrompet, Kanchipuram, Tamil Nadu	India
S1-619110488	Fortune It	Room No 7, Bhagirathi Chawl, Pipe Line Halao Pool, Near Emamia Colony, Kurla W, Mumbai, Mumbai City, Maharashtra	India
S1-623031914	Dental Specialists of Marshall	11656 Old Barn Road, Marshall, IL	US
S1-215270294	Capital Network LLC	1312 Central Avenue, Duluth, MN	US
S1-762005078	Patriot Regional Morgan LLC	AL, Calera, 3820 Hwy 86	US
S1-983603694	Spe Finance Private Limited	A-153 New Friends Colony, New Delhi, South Delhi, Delhi	India
S1-437281614	Clark, Arnold and Powers Platinum	575 Morning Glory Turn, Greene County, VA	US
S1-590781135	Frontier Ministries	7318 Ave O, Santa Fe, TX	US
S1-423414451	Fashion Polytechnic	63/3-4, P&T Colony, Srigandha Kaval Sunkadakatte, Magadi Road, Bangalore, Karnataka	India
S1-847114478	Marilin Wade Martin L.L.C.	228 16th Street, Coshocton, OH	US
S1-526334226	Periwal Trading Private Limited	1802 Rustomjee O-Zone Twr, 6 Bhd Telephone Exchange, Goregaon West, Mumbai, Maharashtra	India
S1-381894503	Property India Private Limited	Tp 5/716F, 1St Floor, Alankar Towers Chungam, Thamarassery, Kozhikode, Kerala	India
S1-313092170	ARB Management Pvt Ltd	Mig 187, 2Nd Floor, R.R Chandra Residency, Kukatpally, Opp City Union Bank, Road No.1, Phase No.1, Tirumalagiri, Hyderabad, Telangana	India
S1-60876864	Unique Products Private Limited	Noida, Supertech Capetown Sector-74, Gautam Buddha Nagar, Cm3-103, Uttar Pradesh	India
S1-78728267	Tiertza Luker Toyo Inc	711 Maple Street, Searcy, AR	US
S1-308199161	Services Ivory Products Pvt. Ltd.	2-B-33, Mahaveer Nagar Ex A-V Kota Near Maharana Pratap Park, Kota, Rajasthan	India
S1-358927120	Software Sarwar Infraproducts Limited	1St Floor, 4Th Cross, 1St Main, 5Th Phase, Mahaganapathi Nagar, Woc Road, Bangalore, Karnataka, Bangalore, No.18	India
S1-337122273	Sky Impex Private Limited	411, Vedant Vihas, Hulimavu Gate, Bengaluru, Bangalore, Karnataka	India
S1-650650055	Site Ii Panki Industrial Area Plast Limited	F-37, Site Ii Panki Industrial Area, Kanpur, Uttar Pradesh	India
S1-834257002	Mountain College LLC	6 Avenida Alamosa, Los Lunas, NM	US
S1-937349180	Foley Colonial Ridge LLC	1953 17th Street, Kansas City, KS	US
S1-725006887	Transmedia Liners Private Limited	Shadiabad Road, Nandganj, Saidpur, Ghazipur, Uttar Pradesh	India
S1-820730560	Dermatology Care of Owings Mills	4700 Coyle Road, Unit CONDO 105, Owings Mills, MD	US
S1-47803313	Hindustan Malls Pvt Ltd	E-34 Midc Waluj Aurangabad, Aurangabad, Maharashtra	India
S1-385569722	Sash Consulting Private Limited	Room No.1, 4Th Floor Plaza Tower (S.B.T Building), Kottakkal, Malappuram, Malapuram, Kerala	India
S1-453884385	Milam Harbor Specialty LLC	117 Knollcrest Lane, Chester, NY	US
S1-650304466	Digital Healthcare	C/O Gajanan Vijay Pagare, Gat No. 116, Plot No. 32, Buldana, Buldhana, Maharashtra	India
S1-762839052	First Builders Private Limited	Khatano813/2626 Plotno132, Nuasahi, Siripur Nuasahi, Bhubaneswar, Khordha, Orissa	India
S1-550679918	Petunia Traders Pvt. Ltd.	Sector-12, Pratap Vihar, Uttar Pradesh, Ghaziabad, R 141 Vakeel Colony	India
S1-659666950	Unique Industries Private Limited	Mumbai City, Mumbai, Maharashtra, 19A/603 Siddhivinayak Soc Tilak Nagar Chembur	India
S1-772914073	Tech Infra Private Limited	456/16, Moses Avenue, Ist Main Road Kamaraj Nagar, Thiruvanmiyur, Chennai, Tamil Nadu	India
S1-860482342	Metro Coalition LLC	2911 Katrina Circle, IA, Dubuque	US
S1-813052697	Gold Food Private Limited	1002 Avinashi Road, Coimbatore, Tamil Nadu	India
S1-366528589	Medicure Ventures Private Limited	Avanashi Road, Chinniyampalayam, Coimbatore, Tamil Nadu	India
S1-640880009	Cox Infinite Inc	185 Wellington Drive, Austin, TX	US
S1-887500171	Urgent Care Health of Bald Head Island Clinic	8 Partridge Berry Court, NC, Bald Head Island	US
S1-971996731	White Finance Private Limited	4669 A1K Neardanishwarman, Dirtalukaofficebehind, Pandharpur, Solapur, Maharashtra	India
S1-104317115	Shree International Private Limited	Dr Lalji Yadava, S 9/16D-2 Hukulganj, Varanasi, Uttar Pradesh	India
S1-518257638	Teamsters Local 435 Group	17 City Depot Road, Charlton, MA	US
S1-884660527	Walker Velos Inc	3761 3630, Annville, KY	US
S1-910004085	Orthopedic Associates	14 Red Berry Lane, Peabody, MA	US
S1-591894902	Denny's Bakery	Frederick, MD, 3875 Braveheart Drive	US
S1-950720921	Industries Shivam Snacks Private Limited	L - 1579, Sector - I Lda Colony, Lucknow, Uttar Pradesh	India
S1-183285524	Moyna Riley Eqv	177 Fairfield Avenue, Elmhurst, IL	US
S1-714649207	One Energy Private Limited	Shop At Bisalpur Road 02 Balaji Puram Harunagla Bareilly Up, Bareilly, Uttar Pradesh	India
S1-841168517	OIS Vulcan LLC	1808 Austinwood Pl, Louisville, KY	US
S1-949091955	Soto Bay Centurion Inc	1214 3rd Street, Quincy, IL	US
S1-552966879	Digital Developers Limited	West Bengal, Calcutta, Kol, 134/4 M G Rd	India
S1-220057580	Riya Properties	C/O Tulsi Devi Gupta, Near Darjiyo Ka Temple, Bada Bazar, Newai, Rajasthan	India
S1-64462728	Baid Consultancy Pvt Ltd	6/82-A, Tirur Tiles Llp Pookayil Po, Peruvazhiyambalam, Tirur, Malappuram, Malapuram, Kerala	India
S1-807938084	United Constructions LLP	7/2/A, Kali Charan Ghosh Rd, Klolkata, West Bengal	India
S1-693870315	New Delhi Pharmaceuticals Company	E-4 Model Town-Ii, New Delhi, North Delhi, Delhi	India
S1-455827432	Ss Finance Private Limited	38/1, Chothe Vasti Rahuri, Rahuri, Ahmed Nagar, Maharashtra	India
S1-727773972	Eastern Networks L.L.C.	Brunswick, 10 Maine Street, ME	US
S1-279446676	Estrada Tech Inc	370 Patterson Hill Road, Unit 04, Blountville, TN	US
S1-918109974	ZQ Guaranty	530 Bridgeway Court, West Point Town, VA	US
S1-666592077	Life Impex Private Limited	F No-2092 9Th Floor Beverly Hills Appartment ., Block-5 Geeta Colony, East Delhi, Delhi	India
S1-509532493	3763 Lake Boulevard Company PC	2125 Maue Road, Unit 306, Miamisburg, OH	US
S1-992285010	Amundson Fox	5840 Erickson Avenue, Unit #51, Beaverton, OR	US
S1-382076507	Lotus Care Private Limited	No.5 Plot No.19 1St Street Mohanapuri Adambakkam, Chennai, Tamil Nadu	India
S1-185535466	Lyra Valley LLC	NY, Unit Apartment C, Nyack, 17 Bridge Street	US
S1-799535694	Premier Management Private Limited	Flat-B, S-2 (Second Floor), Sun Enclave Plot No-2058/3186, Raghunathpur, Bhubaneswar, Khordha, Orissa	India
S1-598558953	Gordon Bain LLC	7344 1550, West Jordan City, UT	US
S1-222645796	HQ London Private Limited	Sri Durga Orchids, Block-C, S1 Annai Nagar, Ambattur, Tiruvallur, Tamil Nadu	India
S1-192481319	New Delhi India Private Limited	86 A/B F No 17 Tf C18 Apt, Johri Farm Noor Nagar Exn, New Delhi, South Delhi, Delhi	India
S1-413573159	Burrell Management, LLC	736 Florence Street, City Of Fort Atkinson, WI	US
S1-782634160	India Rims Investments Pvt Ltd	Maharashtra, Santacruz (West), 502-A, Mumbai, Savoy Chambers, Dattatraya Road, Near Juhu Garden	India
S1-394334841	Patel and Trexler Inc	8345 79, Buchanan, TN	US
S1-759762834	Royal Services Private Limited	24 Sarathi Sangsad Sarani, Ps Dasnagar, Bally Jagachha, Howrah, West Bengal	India
S1-653070765	SPW Research Private Limited	Madurai, 5/9, Madurai, Anjal Nagar 3Rd Cross Street Vilangudi, Tamil Nadu	India
S1-94096071	Upper Oxford LLC	1434 Apache Drive, Hanover Park, IL	US
S1-559968662	Bizcon (India) Global LLP	Shop-20, Shyam Ambica, Opp. Zen School, Anand, Gujarat	India
S1-964877324	Nira Industries Group Ltd	New Delhi, Naiwala, Karol Bagh, A J Chambers- 4Th Floor Room No 407 953-956 Street No 4, Delhi, Central Delhi	India
S1-883416047	South It Private Limited	49 Damodar Colony Ram Mohalla, Jodhpur, Rajasthan	India
S1-182458975	Clear Rothschild	8184 Talbot Way, Citrus Heights, CA	US
S1-339269492	Upper Bright Restaurant Inc.	1602 Lincoln-wood Place, Peoria, IL	US
S1-621676240	Militello & Reyes LLC	3541 Spring Road, Middlesex Township, PA	US
S1-103138354	Modern Technical Concepts Inc.	1716 Roosevelt Street, Tempe, AZ	US
S1-279963953	Neor Unified Financial, LLC	450 Beaverdam Lake Drive, Fuquay-varina, NC	US
S1-317707487	Bartell Better Engineering LLC	10601 Watford Lane, Spotsylvania County, VA	US
S1-391244573	Royal Constructions Private Limited	House Number B 305, Gali Number 13 Mahalaxminagar, Karawal Nagar, Delhi, East Delhi, Delhi	India
S1-603458137	Commission on Buildings	4359 Donnegan Cove, Memphis, TN	US
S1-429550703	TMZ Creative Pharmaceutical	22997 Bland Circle, West Linn, OR	US
S1-302219416	Dynamic Software Private Limited	112/D Picnic Garden Road, Kolkata, Howrah, West Bengal	India
S1-336786786	Heritage Ministries	5735 Auburn Avenue, Saint Paul, MN	US
S1-800911534	A Diamond Water, Inc	7661 Union Park Avenue, Unit 400, Sandy City, UT	US
S1-181883447	Chennai Nine LLP	Sri Ganesh Apartments Abiramapuram Third Street, Mylapore, New No.3, Chennai, Tamil Nadu	India
S1-1433093	Shiva Products Private Limited	A-116, First Floor, Harihar Chamber, Boring Road, P.O.-G.P.O, P.S.-Budha Colony, Thana Patna, Bihar	India
S1-733472967	Hitech Healthcare Pvt Ltd	12/316, B Wing, Golden Peak Chsl, Dr Ambedkar Road, Khar West, Mumbai, Maharashtra	India
S1-89100953	Vision Best Care Inc.	906 Darnell Avenue, Fort Worth, TX	US
S1-848293840	Heartland Direct LLC	84-08 246 Street, Bellerose, NY	US
S1-915512126	Bright Digital Innovations Inc.	29452 Fm 2978, Magnolia, TX	US
S1-901504091	Fields and Georgiadis Tidewater LLC	752 Troy Avenue, MO, Springfield	US
S1-724741475	Collins Tri-State Santander Inc	922 Nachand Lane, Jeffersonville, IN	US
S1-851421910	Tejin Water	Maharashtra, Thane, C 303, Thane, Shanikripa Complex Kolegaon Kalyan, Kalyan Dombivali M Corp	India
S1-430298053	Ear Nose & Throat Associates of Monson	48 T Fenton Road, Monson, MA	US
S1-307277652	Best Biomedical Industries	29318 18th Avenue, Federal Way, WA	US
S1-503010787	Unique Logistics Pvt Ltd	Plot No.28, New Industrial, Mandeep, Raisen, Madhya Pradesh	India
S1-520627257	Peterson and Murphy	247 Country Club Drive, Franconia Township, PA	US
S1-255349799	Devine (India) Nidhi Pvt. Ltd.	Saradhapur, Khorda, Khurda, Khordha, Orissa	India
S1-661144640	Green Investments Private Limited	S-6 Ravindra Palli Faizabad Road, Lucknow, Uttar Pradesh	India
S1-892745196	Watkins, Halimeda T., P.A.	736 3355, Fl 0, Paradise, TX	US
S1-751409146	Laurianne Reader Fresh Plumbing LLC	16801 Elm Drive, Alexander, AR	US
S1-13506955	JX Merchandise Private Limited	Karnataka, Bangalore, Rajashree, #631, 3Rd A Main, Sector-A, Yelahanka New Town, Bangalore	India
S1-262020943	Services Amg Labs Center	Survey No Na1715, Lavarpur-Dabhoda Road, Near Lavarpur Over Bridge, Dabhoda, Gandhinagar, Gandhi Nagar, Gujarat	India
S1-746909581	Bharat Software	Howrah, Nh-6, Bombay Road, West Bengal, Howrah, Ganesh Complex	India
S1-481776787	Cornerstone Piedmont Shore LLC	361 Lone Mountain Trail, Cleveland, NC	US
S1-870654726	Sweet Pub	4513 Warners Bay Road, Ellery, NY	US
S1-459183905	Family Allied Clinic LLC	307 Kaibab Lane, Lake Havasu City, AZ	US
S1-782456413	Smart Consulting Pvt Ltd	Namdev Math Road, Malhujaripura, Wardha, Maharashtra	India
S1-687813152	IIP Good	15681 Hayden Road, Unit STE 112, Scottsdale, AZ	US
S1-528962373	Alfreda Guillory Apex Fargo	1312 Palace Avenue, Saint Paul, MN	US
S1-133484055	Rainbow Paper Private Limited	# 08 & 20 Mena-Kanpala Arcade Unit 7B, 7Th Floor A Block, Sir. Thiyagaraya Road, T.Nagar, Chennai, Tamil Nadu	India
S1-162954117	Speedy & Sons Private Limited	24, Citizen Chs, Plot No 601, C S R Mahada Complex Next To Atharva College, Kandivali - Wes, T, Mumbai, Maharashtra	India
S1-547053441	13/75 Furniture	602 Burdeshaw Street, Dothan, AL	US
S1-302536542	Blue Financial Limited	30 Purandare Sadandr Ambedkar Road Parel, Mumbai, Maharashtra	India
S1-457601305	Durai (India) Industries LLP	#55, Slv Heights, Panduranga Nagar, Bannerghatta Road, Bangalore, Karnataka, Bangalore South, Bangalore, Karnataka	India
S1-488635826	NS Freight LLC	201 Colorado Street, Casa Grande, AZ	US
S1-349698918	G 6 E Blue Inc	1018 Orenco Station Parkway, Unit #443, Hillsboro, OR	US
S1-72706873	Superior Energy Enterprises Care	16922 Warm Glow Court, Hockley, TX	US
S1-78029452	Shyamkamal-Atejpal Road Vile Parle(E) Learning Private Limited	105, West Wing, Shyamkamal-Atejpal Road Vile Parle(E), Mumbai, Maharashtra	India
S1-717385838	J W & Y Dental LLC	OH, Celina, 1002 Kensington Lane	US
S1-11379912	Bennett, Nikoletta A., DPM	2177 Thousand Oaks Boulevard, Unit 241, Thousand Oaks, CA	US
S1-655700316	Bell Robinhood LLC	305 College Street, Medina, ND	US
S1-484349079	Gtech Partnership Ltd	Door No. 6-8-67, Vizianagaram, Mg Road, Andhra Pradesh	India
S1-595486290	Pune Chits Ltd	Flat No G 11 Forest County Sr No 40 41 & 59 Opp Eon It Park, Pune, Maharashtra	India
S1-748500004	Graham and Riddick Nova, LLC	71 Lantern Hill, Newington, CT	US
S1-587404171	Ak Park LLP	A-415, Defence Colony, Delhi	India
S1-986604838	Purv Finance Pvt. Ltd.	Subhasnagar Co Op Ho Soc. Plot No-37, Opp Aashram School, Nr. Bhagavati Mandap Service, Ha, Righava Rd, Rajkot, Gujarat	India
S1-766408899	Foundation Vedica Brokers Pvt Ltd	C-146, New Delhi, 2Nd Floor Okhla Industrial Area Phase-I, South Delhi, Delhi	India
S1-507163415	Blue Center L.L.C.	1449 3636, Jefferson, TX	US
S1-873761236	Womens Health Care of Atlanta	3468 Glenview Circle, Atlanta, GA	US
S1-327983313	Shiva Food LLP	1St Floor, B-6, Somila Tower, Azad Nagar Chouraha Pur Road, Bhilwara, Rajasthan	India
S1-77383698	Tri-State Alliance	1212 Morven Place, Durham, NC	US
S1-273531258	Shyam Investments Private Limited	Plot No-15 Unit-6, Ganga Nagar Near Bank Of India, Bhubaneswar, Khordha, Orissa	India
S1-772535560	GD Tradelink Limited	A-80, Jaipur, Rajasthan, Jaipur, Monika Vihar Ii, Mangyawas, Mansarovar	India
S1-598136304	Ss Technologies	111, Bajaj Bhavan, Nariman Point, Mumbai, Maharashtra	India
S1-789788578	Lynx	6136 48, Worthington, IN	US
S1-346777444	Aurora Environmental Services LLC	1335 River Drive, IN, Munster	US
S1-544222533	Thane Sun Private Limited	12A/A, Maharashtra, Thane, Ek Siddhi Chs, Behin, Pratap Theatre, Kolbad Rd	India
S1-493959729	Mumbai Finvest Private Limited	12A06, 13Th Floor, A (Wing), Palm Spring Complex, Malad Link Road, Malad (West), Mumbai, Mumbai City, Maharashtra	India
S1-430462466	Mountain Council II	OH, 1716 Meadow Drive, Hinckley Township	US
S1-792204527	North Exports Private Limited	Office No. 17-18, Msr Square Behind Chinchwad Railway Station, Chinchwad, Pune, Maharashtra	India
S1-198662647	Rna Express (India) of New Delhi	Wz-26, Third Floor Nangli Galib, Janak Puri, New Delhi, West Delhi, Delhi	India
S1-431137009	American Home Care Center	4403 102nd Avenue, Edgewood, WA	US
S1-22335277	David Petroleum Private Limited	Sf 184/2B1, Site 2 Akaththisayaa Industrial Estate Pappampatti Village, Sulur Taluk, Coimbatore, Tamil Nadu	India
S1-291584542	International Engineering Private Limited	A1-1404, Supertech Livingston, Ghaziabad, Uttar Pradesh, Ghaziabad	India
S1-556611862	Seven Solutions LLP	108, S K C Road, Erode, Tamil Nadu	India
S1-32767080	Bagwe Grc Limited	Hanuman Nagar New Punaichak, Rajbanshi Nagar, Patna, Bihar	India
S1-242691036	Finex & Brothers Pvt. Ltd.	1-Abnandan Industrial Estate Mumbai Agra Road, Thane, Maharashtra	India
S1-770890247	Urban Ventures Private Limited	623 (A) Padgha Village, Nashik Rd Thane Bhiwandi, Bhiwandi, Thane, Maharashtra	India
S1-201994316	Apex Spdr LLC	21526 Lake Saint Clair Drive, IL, Crest Hill	US
S1-905520099	Big Tattoo	4806 Peak Road, Granbury, TX	US
S1-766655509	Jakson Infrastructure Private Limited	F-102, Ff B-1026 Palam Extn. Sector 7, New Delhi, South West Delhi, Delhi	India
S1-415414688	Seven Tech Private Limited	Plot No.-9, Takrohi Market Near Manav Shanti School, Takrohi, Indira Nagar, Lucknow, Uttar Pradesh	India
S1-948985690	Thyssenkrupp Earthcon Pvt. Ltd.	1, Floor-Grd, Upendra Nagar, Senapati Bapat Marg Below Dadar Railway Foot Brdg, Dadar West Mumbai, Mumbai City, Maharashtra	India
S1-653149647	Bluebird Industry Private Limited	Baghpat, Uttar Pradesh, H.No 68 New Colony Meerut Road Pole 24 Dt 8, Baghpat	India
S1-657251225	Kst Memorial Trust	C/O Hiraman Ramsingh Jadhav, Ajmer Saundane Dist Nasik Ajmer Saundane, Nasik, Nashik, Maharashtra	India
S1-244474490	Kaam Services Private Limited	1, Aranmanai Thottam, Sankaralinganar Road, Maniakaranpalayam, Coimbatore North, Coimbatore, Tamil Nadu	India
S1-269094403	Chesapeake City Industrial	VA, Chesapeake City, 1049 Sharon Drive	US
S1-355078971	Shivai (India) Retail Ltd	6 Flr Office B-603 Itc, Wing-B Majura Gate Ringrd, Surat City, Surat, Gujarat	India
S1-51627651	Alis's Cleaning	522 Juneway Drive, Bay Village, OH	US
S1-288364156	Uttaranchal Solutions Private Limited	Shiva Palace57/19 Rajpur Road Dehradun, Uttaranchal, Dehradun, Uttar Pradesh	India
S1-500222888	Growell Home Care	Ram Ganj Near Dr. Bamba Wale, Abdullaganj, Shahjahanpur, Uttar Pradesh	India
S1-247274429	High Construction Private Limited	No 11, 1St Main, Road, Kp Agrahara Kadapa Swamy Mata Bhuvaneshwari Nagar, Bangalore, Karnataka	India
S1-260204874	Capital Clean Array LLC	5275 27, KY, Stanford	US
S1-511066423	Best Global Private Limited	208 2Nd Floor Anandlok Building 227 A J C Bose, Howrah, West Bengal, Kolkata	India
S1-605505884	Deoria Clean LLP	Ram Rarain Prasad Bhu Jauli East Coloni Deoria, Deoria, Uttar Pradesh	India
S1-882791035	Prime Infrastructure Associates Care	4432 Osage Avenue, Norridge, IL	US
S1-764707596	Nivue LLC	1245 Grove Street, Pottstown Borough, PA	US
S1-346760887	Apex Indiaprivate Private Limited	Shop No. 306 (Office), Plot No. 203/204, Ttc, M.I.D.C. Rabale, Navi Mumbai, Thane, Raigarh, Maharashtra	India
S1-597621907	Shiv Developers Private Limited	No 7/887, Palackaparambilhouse, Green Valley, Pulpalli, Wayanad, Sulthan Bathery, Kerala, India, Sulthanbathery, Wayanad, Kerala	India
S1-36048451	United Food Private Limited	Plot No. K/21, G.O. Co-Op Society, Bharat Nagar, Nagpur, Maharashtra	India
S1-98985291	One Builders Private Limited	A-306 New Vinay C.H.S.L. Manpada Road Opp Mumbai University Sunder Nagar Kalina Santacruz, East, Mumbai, Mumbai City, Maharashtra	India
S1-368908513	Corner Bistro	5245 Emerson Village Drive, Unit APT 108, IN, Indianapolis	US
S1-504750404	My Consultants Limited	#1595, 17Th A Main Road, H B R Layout, 1St Stage, 5Th Block, Bangalore North, Bangalore, Karnataka	India
S1-687138169	Hanks Pioneer Pinnacle Inc	4836 Crestridge Road, Toledo, OH	US
S1-576111952	Emkay Trading Private Limited	House No. 44A/ 60/ 213/ 01 Nawab Yusuf Road, Prayagraj, Allahabad, Uttar Pradesh	India
S1-220372723	Compton, Craig and Ardoin Marine Partners	7409 44th Avenue, Spokane, WA	US
S1-591377734	Little Bike Shop Inc	WA, Port Orchard, 4771 Rutherford Circle	US
S1-915233460	BWB Agro Private Limited	63, Shrivihar, Durgapura, Behind Hotel Clarks Amer, Jaipur, Rajasthan	India
S1-808794467	Almquist and Todd LLC	6176 800, Falmouth, IN	US
S1-119248132	Globe & Co Associates	Ca-191 Salt Lake Calcutta, Sakltlake, North 24 Parganas, West Bengal	India
S1-710758303	Bennett & Chu	657 Jenny Wren Drive, Martinsburg, WV	US
S1-105001584	Margi L. Hein, CPA	34 Miller Road, Danby, NY	US
S1-382212549	DVF Autotech Private Limited	F.No 1330, D.No 2-63/468, 12F, Mk Gold Cost Apart., Visakhapatnam (Rural), Visakhapatnam, Vishakhapatnam, Andhra Pradesh	India
S1-35578091	Laxmi Builders Private Limited	Janki Nagar, Hanuman Nagar Kankarbagh, Patna, Bihar	India
S1-34932143	Perfect Consulting Private Limited	East Tipusulthan Road, Kerala, Thrissur, Kodungallur, Viii/30	India
S1-869422569	Lynn Needham, P.A.	2734 43rd Street, Redmond, OR	US
S1-844617434	Pacific Cannabis LLC	26 Bradley Drive, Wilmington, DE	US
S1-488174268	Maid Yoga!	11179 Avery Row, Fishers, IN	US
S1-963501196	Gee Services	Plot No. 1056, 1St Cross Of 7Th Main, Hal 2 Stage, Indiranagar, Bangalore North, Bangalore, Karnataka	India
S1-531518308	Odele Hairston Coastal Montreal Corp	TX, Austin, 1013 Juniper Street	US
S1-288588262	Liberty Liberty Orange Partners	144 Rimrock Drive, Unit X1, Spokane, WA	US
S1-94665545	Silver Management Pvt Ltd	249/A Khasra No 1600 Floor 1St Block-Wz Inderpuri New Delhi, New Delhi, Central Delhi, Delhi	India
S1-460829054	Aryaman Developer Private Limited	85/87, Old Hanuman Lane, Zaveri Bhuwan, 3Rd Floor, R.No-16, Kalbadevi Road, Mumbai, Maharashtra	India
S1-817207769	Enterprises Spring Entertainment Pvt. Ltd.	Unit No.1 & 2, Maharashtra, Thane, Building No. C3, Shree Balaji Complex, Vehele, Taluka Bh, Ivandi	India
S1-937797030	Urology Care Inc	412 Ward Street, Italy, TX	US
S1-305324409	Vision Piedmont Group	7808 York Street, Humble, TX	US
S1-927419156	Harbor Institute of Technology	43 Wood Chase Lane, North Branford, CT	US
S1-261393939	Bd Electronics Private Limited	Tirupur, Kovil Vazhi, Dharapuram Road, Coimbatore, S.F.No. 355/B1A, Tamil Nadu	India
S1-158003567	Trusted Textile Group	Lyndon, 420 6th Street, KS	US
S1-772204055	Mosley American Credit Inc	Valdese, NC, 4123 Stonecreek Drive	US
S1-958709603	Town Of Jackson Advanced Health	1335 Sandy Lane, Town Of Jackson, WI	US
S1-864062904	Lotus Technologies Private Limited	278, Sector-56 -56A, Ballabhgarh, Faridabad, Haryana	India
S1-389115869	Aura & Associates	B-66 Naraina Industrial Areaphase Ii, New Delhi, West Delhi, Delhi	India
S1-32131273	Advanced Precision State LLC	10112 Rosehill Avenue, Cleveland, OH	US
S1-485290093	PD Enterprises Corporation	195/G, Vishal Sapphire, Hbr Layout, 5Th Block, Bangalore North, Bangalore, Karnataka	India
S1-449015682	Goldfish Agri (India) Private Limited	Tiir Building National Institute Of Technology, Rourkela, Sundargarh, Orissa	India
S1-273693856	Ferron Enterprise	803 Division Street, Unit 1315, Nashville, TN	US
S1-216847975	Custom Wholesale Services	21W 581 North Avenue, Unit 33, Lombard, IL	US
S1-942180728	Armendariz Animal Hospital LP	6900 -7300 Antioch Road, St. George City, LA	US
S1-704576365	Nance Murdock Launchpad, LLC	AZ, 808 Canto, Green Valley	US
S1-706359294	Burke Guardian	1527 Alabama Street, Houston, TX	US
S1-688852755	Pr (India) Planner Private Limited	A-101, Shree Rameshwar Tower, Shimpoli Road Borivali West, Mumbai, Mumbai City, Maharashtra	India
S1-501963178	City Global Private Limited	C/O Madhu Maurya Lakhanpur, Bhullanpur, Varanasi, Uttar Pradesh	India
S1-428039663	Khatri Indigo	3071 Shore Drive, Hempstead, NY	US
S1-394925431	Deitz, Essie, Esq.	1131 Eloise Road W, Greenback, TN	US
S1-29387523	Heartland Animal Hospital	113 Pilots Ridge Drive, Bessemer City, NC	US
S1-369896511	Burton Vision Inc	593 Green House Road, Lee County, VA	US
S1-973133967	G+ Talon Inc	10847 Olive Avenue, Unit 2067, Peoria, AZ	US
S1-957109842	Lument Rail	1579 7th Street, Monticello, MN	US
S1-718126154	Split Buildcon Private Limited	S.F.No 171/8.B Velpucherla, Peddadudyala, Muddanur, Cuddapah, Andhra Pradesh	India
S1-122221465	Columbus Pediatric Dental Specialists	3822 Noe Bixby Road, Columbus, OH	US
S1-241758739	NJL India Private Limited	S And P Living Spaces, D-108, First Floor, Kamaraj Street, Ayanambakkam, Poonamalee, Tiruvallur, Tamil Nadu	India
S1-292853265	Silver Tungsten Inc.	203 Phritz Street, Laurinburg, NC	US
S1-563412246	All Research Corporation LLC	1416 Eastview Avenue, East Gadsden, AL	US
S1-635915279	Shree Immunity	Vill. Sadullapur Past Baidpura Greater Noida, Baidpura, Gautam Buddha Nagar, Uttar Pradesh	India
S1-257953143	Digital Impex Private Limited	C/O Rajendra Kumar, Adarsh Colony, Dev Dungri, Kishangarh, Ajmer, Rajasthan	India
S1-935953663	Ridge Vehicle Inc	995 Larry Avenue, Town Of Saratoga, WI	US
S1-66970748	Shiva Technology Limited	2307/2, Sf Nano Gandhraf, Wado, Panchpatti, Ahmadabad City, Ahmedabad, Gujarat	India
S1-613214928	Integrated Preferred Vendome	108 Nassau Drive, Frederick County, VA	US
S1-68168779	Tiny Retail Limited	Daffodil, A003, Omaxe-1 Tapukara, Alwar, Rajasthan	India
S1-181117450	Simpson Legacy Renatus LLC	905 Canadian Drive, Mcpherson, KS	US
S1-337798606	United Couture LLC	Pevely, 9213 Church Drive, MO	US
S1-877808612	King Sangh	Near Arfal Canal, Sangli, Aandhali, Maharashtra	India
S1-415245659	Apeksha Commerce LLP	B-24Panchsheel Enclave, New Delhi, South Delhi, Delhi	India
S1-590126941	Oncology Grand Center Corp	11833 177th Avenue, WA, Arlington	US
S1-852807313	Shree Energy Limited	Flat No. 103, First Floor, Shubh Mangal-1, Ak 7/156, Nandawala, Valsad, Gujarat	India
S1-643209618	Guntur Solutions Group	D25/16/138 Ankireddypalem, 0 New Amc Yard, Guntur, Andhra Pradesh	India
S1-581863940	Anjalee Trading LLP	B-157 Viniraj Plazaindra Nagar, Lucknow, Uttar Pradesh	India
S1-778630887	Riha, Merrielle, D.C.	318 Beck Street, Norfolk City, VA	US
S1-377916068	India Shree Growth Private Limited	Plot No 1, 3Rd Floor, Unit No 310, Vasundhra Sunrise Plaza, Vasundhra Enclave, East Delhi, Delhi	India
S1-37907520	Unique Om Builders Private Limited	1/602, Zorawar Singh Marg, Kashmere Gate, Delhi	India
S1-637166800	U F & V Lifeco Inc	691 Tabor Road, Bluefield, WV	US
S1-352595333	P L & I Renewables	15 Matador Trail, Wimberley, TX	US
S1-260721574	Kritraj Construction Limited	S.No. 39, Mira Hsg. Socy Bld.-3 Fl.No.33, S.S.Road Gultekadi, Pune, Maharashtra	India
S1-677484813	Gusto Polytechnic	5-7/313, Villa No 313 Mytas Hill County, Bachupally, Hyderabad, Rangareddy, Telangana	India
S1-759995112	Leify Holdings Group Inc	102-24 86 Avenue, Richmond Hill, NY	US
S1-443768681	Vkn Fund Private Limited	Ce-311, Ansal Golf Link-I, Greater Noida, Noida, Gautam Buddha Nagar, Uttar Pradesh	India
S1-170472252	Golden Cargo Industries	128 Oak Hall Drive, Mountain Lake Park, MD	US
S1-224275529	International Construction Private Limited	Heiley Spaces, 2Nd Floor Kc Arcade, Near Tv Center, Csez Po, Kakkanad, Ernakulam, Ernakulam, Kerala	India
S1-427329185	Maloney Dental Associates LLC	8223 Autumn Willow Drive, Tomball, TX	US
S1-417606815	Seven Hospitality Private Limited	H No: 1-43 Gandhinagar Colony, Jadcherla, Mahbubnagar, Mahabubnagar, Telangana	India
S1-488457630	Sweet Cleaning Service	845 Kubitz Road, Copperas Cove, TX	US
S1-818470647	Applied Environmental Systems	Hooper, 5938 4600, UT	US
S1-534346740	Creative Logistics Private Limited	A/301 To 307, Third Floor, Tulip Corporation Opp V.S. Hospital, Madalpur, Ellisbridge, Ahmedabad, Gujarat	India
S1-729626041	Silicon & Co	Ground Floor H.No. 938/10, Bldg E17/A, Gala No. 9, 10, 11 Harihar Complex Nashik Highway Road, Dapode, Bhiwandi, Bhiwandi, Thane, Maharashtra	India
S1-204633959	GQ Services Private Limited	H No. 813, Purandhar/ Khalad, Purandhar, Pune, Maharashtra	India
S1-553186193	Smash Trading Limited	Delhi, North West, Delhi, Pocket 4, Rohini Sector-22, H.No 356	India
S1-42502314	Fintech Trading Ltd	1305, Lavender, Mantri Park Film City Road, Goregaon (E), Mumbai, Maharashtra	India
S1-317114355	East Healthcare	Ward No.-39, Near Shyam Mandir, Chirawa, Tehsil Chirawa, Chirawa, Jhunjhunun, Rajasthan	India
S1-334574390	Chiropractic Clinic	349 Ripley Hill Road, Coventry, CT	US
S1-649110450	Gravity Fire Pvt. Ltd.	Elegance Tower Old Mathura Road, Jassola District Centr, E, New Delhi, South Delhi, Level - 2, Delhi	India
S1-533417053	Concordia Donn, CPA, PC	1509 Cr 938, Green Forest, AR	US
S1-152550844	Supreme Brothers Private Limited	Plot No 5, Allu Nagar Diguriya I.I.M. Road, Lucknow, Uttar Pradesh	India
S1-643493833	Anchor Energy Systems, LLC	Unit B, 66 Pinckney Street, MA, Somerville	US
S1-734921625	North Advisors	39/2475 - B1, Suite 965, Lr Towers, Sjrra 104, South Janatha Road, Kochi, Ernakulam, Kerala	India
S1-68108533	Mumbai India Limited	Maharashtra, Mumbai, Shop No. 1, Mumbai City, Devi Krupa Society, Bldg. No. 1, Devi Krupa Chsl, Gaurishankar Wadi No.1, Pant, Nagar	India
S1-789286562	Hindavi Consultancy Ltd	133/122 P1 Room No 2, Transport Nagar, Kanpur Nagar, Uttar Pradesh	India
S1-493735795	Chennai Business Private Limited	10/2 Moore St., Chennai, Tamil Nadu	India
S1-870309113	Heritage Silver, Inc	383 Mogul Drive, Galloway, OH	US
S1-755184527	Kailashdham Academy	17-10 Jangareddypalli Village, Amangal, Mahabub Nagar, Telangana	India
S1-741750910	Board of Veterans Affairs	3 Alquin Court, Catonsville, MD	US
S1-396704474	Smail Holding Company Inc	612 Second Street, Palmer, IL	US
S1-77449994	Gee & Sons Private Limited	43-11-31, Subbalaxminagar Dondaparathy, Visakhapatnam, Vishakhapatnam, Andhra Pradesh	India
S1-607302089	Sheehan and Mccullough	35316 Shorthorn Trail, San Tan Valley, AZ	US
S1-194589041	Anju Trust	Panchal G, Fatehgarh, Farrukhabad, Uttar Pradesh	India
S1-550464269	Janta Services Private Limited	Room No 120 Plot No. 26 Road No. 44, Pitampura, North West, Delhi	India
S1-405440827	Ridgeline Inc	2045 Graham Circle, Bldg B, Atlanta, GA	US
S1-500922440	Active (India) India Pvt. Ltd.	817, Santrapara, Khalisani, Ward No-31, Chandannagar, Hooghly, West Bengal	India
S1-111694025	Cee Electric Ltd	Plot No-293, Ground Floor, Ashoka Enclave 1, Ashoka Residency, Faridabad, Haryana	India
S1-760235082	Express Analytics Laboratories Inc	575 Maple Shade Road, Middletown, CT	US
S1-17665971	Behavioral Health Partners of Elmira Center	89691 Sheffler Road, Elmira, OR	US
S1-131623880	MH Industries Private Limited	C - 27, Evershine Shopping Centre Ii, J. P .Road, Andheri West, Mumbai, Mumbai City, Maharashtra	India
S1-453383072	Indore Sales Private Limited	230- Shyam Nagar Nx Mr-10, Indore, Madhya Pradesh	India
S1-573827896	Aurial Southern LLC	TN, 413 Waterview Drive, Crossville	US
S1-740059747	Ss Galaxy Industries Private Limited	503-D, 589/B, 40/2, Tps-80 Karnavati Apt-4, Nr. Divine Life, Narol, Ahmedabad, Gujarat	India
S1-979645754	Seven Construction Limited	T10-1206, Floor-12, Tower-10, Sattva Park, Devanahalli, Bangalore Rural, Karnataka	India
S1-5694837	Buckley Advanced Premium PC	3810 Columbus Drive, Mckinney, TX	US
S1-895155435	Maloy's Choice Capital	1616 Barron Street, Portsmouth City, VA	US
S1-552090769	Tsp Sangh	I - 155 A Sector 22, Noida, Gautam Buddha Nagar, Uttar Pradesh	India
S1-444520529	Thirupathi Charitable Trust	H.No. 4733/24 Guru Nanak Wara, Amritsar, Punjab	India
S1-481259122	West Anchor Therapies	2355 44th Street, Rock Island, IL	US
S1-170318976	Nagarjuna Wheels LLP	Sf-201A/B/C Orchid Plaza, Sama Savli Road, B/H Amba Residency, Vemali, Vadodara, Gujarat	India
S1-626957328	Gaum LLC	4422 Morrisville Road, Fauquier County, VA	US
S1-820877559	Back Alley Yoga	203 Old Oaks Street, League City, TX	US
S1-111296778	Tavue PLLC	99 First Street, Medora, IN	US
S1-847310129	Bangalore Tech Limited	# 1B, 702, Akme Encore 16/2, Kundanahalli Main Road, Bangalore, Karnataka	India
S1-546941880	Rice Grand Indonesia Inc	131 12th Avenue, Unit 221, Nashville, TN	US
S1-697980001	Sabari Prakash Pvt. Ltd.	Borvav, Rishi Farm House, Village Borvav Taluka Talala, District Gir Somnath, Junagadh, Gujarat	India
S1-338401200	Great Impex Private Limited	19 Galiff Street, Kolkata, Howrah, West Bengal	India
S1-501819870	Smart Technology Private Limited	Shop No-4 C/O Vinay Kumar Sultanpur Babuganj Vallipur, Sultanpur, Uttar Pradesh	India
S1-541668027	Pharos & Associates Private Limited	Plot No-62, Khasra No-41, Gaurabag Kursi Road, Bkt, Lucknow, Uttar Pradesh	India
S1-702544592	Mountain Scuti LLC	39 Perry Street, Lincoln, ME	US
S1-528495462	Bharat Producer	692, A/3C, Kesari Sadan Fl No 11, Bibvewadi, Pune, Maharashtra	India
S1-545863954	Clear Century Corp	27 Nottingham Drive, Chatham, IL	US
S1-772195807	Eimile's Supply	4731 Merle Hay Road, Des Moines, IA	US
S1-453539657	Orbelle Grade LLC	51 Warwick Stone Way, Fairfax County, VA	US
S1-46249643	Guyette, Green and Nystrom Toyo	1006 Cedar Lake Drive, Horseshoe Bend, AR	US
S1-317928365	Badlapur Conveyors Private Limited	Shop No. 1, Amruket Co.Op. Hsg. Soc., Belavali K.B. Road, Badlapur West, Badlapur, Thane, Maharashtra	India
S1-735449543	Kratos Educational Society	'Shiva Krupa, B.H. Road, Tumkur, Karnataka	India
S1-368898506	Ram Star Foundation Private Limited	Rajkot, Opp Maha Pujadham, Gujarat, Rajkot, Vallabh Vidhyanagar Plot2	India
S1-39608811	Weird Venture Group	Godown-1, Survey No. 3/1, Patwari Halka No.17, 22 T T Nagar, Pipliya Kumar, Dewas Naka, Indore, Madhya Pradesh	India
S1-740176897	Bright Business Private Limited	Sy No 171, Plt No 11 Yaktp, Ur D Kallayani Godun Mage, Ausa, Latur, Maharashtra	India
S1-699373004	Dixon Direct Kgaa, LLC	9 Jacqueline Way, Babylon, NY	US
S1-760964613	NX Vijay Private Limited	1138 Wing J, Govardhan Nagar Borsapada Road Poisar Gymkhana, Kandivali West, Mumbai, Maharashtra	India
S1-759533619	Altius Foods Private Limited	A/405 Express Zone, W.Express Highway, Opp. Rel Office, Nr. Patel Vanika, Malad East, Goregaon East, Mumbai, Maharashtra	India
S1-415302434	Balaji Investment Private Limited	C/O Om Prakash Sahni, Gola Gokaran Nath, Uttar Pradesh, Kheri, Punjabi Colony, Gola Kheri	India
S1-397514626	Rasna World Public Limited	8/3554D, Anna Nagar, Pandian Nagar, Tiruppur, Coimbatore, Tamil Nadu	India
S1-603295553	Hpr Merchants Private Limited	Kolkata, 3Rd Floor, Flat 3A A10 Sreenagar Paschimpara, Kolkata, West Bengal, Block A, Howrah	India
S1-829004597	Krishna Urban Infra Limited	C 24 3Rd Street, Central Park, City Centre, Durgapur, Bardhaman, West Bengal	India
S1-340381642	Bangalore Commodities Corporation	Flat No 202 Bhanu Pride Kacharakanahalli, Bangalore, Karnataka	India
S1-831508195	Internal Medicine Metro Specialists	10758 22nd Avenue, Seattle, WA	US
S1-715029307	Mechanical Fashion Limited	Mumbai City, Mumbai, 238, Avior, Nirmal Galaxy, Lbs Marg Mulund West, Maharashtra	India
S1-30383410	734 Ocean Place Apartments	980 La Rose Drive, AZ, Coolidge	US
S1-267323354	965 Fifth Place Management Inc	1203 Cottonwood Court, Paola, KS	US
S1-189661852	Kritva Foods Pvt. Ltd.	Kolkata, West Bengal, Room No-308, 3Rd Floor, Fort Knox Building, 6 Camac Street, Kolkata, Howrah	India
S1-232418369	One Developers Pvt Ltd	Flat-619, Palms Apts-1, Royal Palms Estate Aarey Colony, Goregaon East, Mumbai, Mumbai City, Maharashtra	India
S1-626838100	Coastal Thayer Group	DC, Unit 101, 307 Anacostia Road, Washington	US
S1-900373432	Avion Science LLP	S. No. 131/1/1, Plot No. 5, Walhekarwadi Road, Near Water Tank, Chinchwad, Pune, Maharashtra	India
S1-322014701	Wiser (India) Microfinance Pvt Ltd	Ix/27 Old Number 995/2 Main Road, Kailash Nagar, Delhi, East Delhi, Delhi	India
S1-714107578	Integrated Chemical Works	1100 162nd Avenue, Bellevue, WA	US
S1-923533895	Fresh Lifesciences, Inc	3408 Cardinal Court, Gwynn Oak, MD	US
S1-445155683	Krishna Sound Private Limited	Telangana, Hyderabad, Door No 15-31-86/3/601, Ft 601, Pt 10 15 Mig, D R Colony I, Tirumalagiri	India
S1-70052354	Orange & Sons Pvt Ltd	Purvanchal Gramin Sewa Samiti, Fatima Nagar, Padri Bazar, Gorakhpur, Uttar Pradesh	India
S1-954767088	Prajay Nursing Home Bangalore	17, Second Main, Second Stage, Domlur, Off 100' Road, Bangalore, Karnataka	India
S1-529469516	Star Mills Private Limited	C/O Vasudhara Infra., Dholariya Nagar, 1/6 Geeta Nagar, Gayatri Nagar Main Road, Rajkot, Gujarat	India
S1-156285671	<< Team Ecole	175 Boulevard du Président Franklin Roosevelt, Bordeaux, Nouvelle-Aquitaine	France
S1-921369899	ZNB Club SARL	Nouvelle-Aquitaine, La Teste-de-Buch, 5 bis Rue Pierre Dignac	France
S1-913506265	Thermal & Fils SASU	20 Rue Parmentier, Dunkerque, Hauts-de-France	France
S1-628750886	Grain & Fils	Lille, 329 Avenue de Dunkerque, Hauts-de-France	France
S1-466641145	Elephant Centre EURL	30 Rue Lachassaigne, Bordeaux, Nouvelle-Aquitaine	France
S1-385801270	Maison de Santé Generation	30 Rue Louis Thénard, Saint-Nazaire, Pays de la Loire	France
S1-717749279	Saint-Herblain Societe SARL	5 Impasse Jean Baptiste Clément, Saint-Herblain, Pays de la Loire	France
S1-616465752	Association de Pena	21 Chemin de la Traverse, Bordeaux, Nouvelle-Aquitaine	France
S1-261476747	Securite Darts Sport SARL	21 Chemin des Réunis, Nantes, Pays de la Loire	France
S1-969300060	Grillons Lycee SAS	Bordeaux, 154 BD du President Wilson, Nouvelle-Aquitaine	France
S1-295346696	École primaire Sainte Pierre	22 RUE Descartes, Hauts-de-France, Calais	France
S1-81033582	Caravane Amicale SAS	520 Rue de Cassel, Dunkerque, Hauts-de-France	France
S1-776267063	Roll Anciens SAS	12 Rue du Chaufour, Lille, Hauts-de-France	France
S1-457973373	Rotary Sport SASU	7 Place de Suède, Lille, Hauts-de-France	France
S1-273768056	Association des Gourmets	6 Chemin du Romarin, Hauts-de-France, Lille	France
S1-351656683	Bouliste (France) Amicale SARL	267 Rue de la Renaudière, Nantes, Pays de la Loire	France
S1-83258310	Association du Archives	5 Rue des Canaris, Dunkerque, Hauts-de-France	France
S1-383508132	Developpement Ecole (France) EURL	20 bis RUE jules lefebvre, Lille, Hauts-de-France	France
S1-960747316	Artisanal Comite SARL	1092 Avenue Roger Salengro, Calais, Hauts-de-France	France
S1-345501851	Association du Secondaire	Nouvelle-Aquitaine, 3 Rue de Campeyraut, Bordeaux	France
S1-548433616	Cfdt Communale Medico SARL	Nouvelle-Aquitaine, La Teste-de-Buch, 15 Avenue des Galipes Pyla	France
S1-396150929	Clinique Saint Francois	18 Allée de Gascogne, La Teste-de-Buch, Nouvelle-Aquitaine	France
S1-261642209	Vegan Groupe EI	32 Rue Kléber, Tourcoing, Hauts-de-France	France
S1-720336913	Agence Amicale	71 Rue de l'Alma, Roubaix, Hauts-de-France	France
S1-142638295	Maurice & Fils SARL	9 COUR2 Dupre Saint-Maur - Appt. A105, Bordeaux, Nouvelle-Aquitaine	France
S1-819898451	Clinique de la Team	12 Rue de Vincennes, Bordeaux, Nouvelle-Aquitaine	France
S1-527611593	Établissements Demployeurs SARL	234 Rue de la République, Dunkerque, Hauts-de-France	France
S1-615018738	Derive Sportive SAS	225 Cours de la Somme, Bordeaux, Nouvelle-Aquitaine	France
S1-682391735	RI Foyer SAS	54 Rue Jules Guesde, Hauts-de-France, Lille	France
S1-693956169	École primaire de la Sainte	841 Avenue de Dunkerque, Lille, Hauts-de-France	France
S1-837916944	Natation Ecole	24 Allée de la Réjannerie, Saint-Nazaire, Pays de la Loire	France
S1-17003766	Saint-Nazaire Sante	9 Rue Philibert Delorme, Saint-Nazaire, Pays de la Loire	France
S1-667272642	La Baule-Escoublac Societe SA	9 Avenue du Pardon, La Baule-Escoublac, Pays de la Loire	France
S1-827961773	The Ecole SARL	7 ter Rue des Anciennes Ecoles, Pessac, Nouvelle-Aquitaine	France
S1-418524279	Autrement Ecole SARL	2 RUE Capitaine Kleber Dupuy, Rs le Pauillac Apt 46, Bordeaux, Nouvelle-Aquitaine	France
S1-784673398	Flash Section SARL	Pays de la Loire, 8 Chemin du Mistigri, Pornic	France
S1-889012090	Deuxieme Groupe	36 Rue Armand Gayral, Mérignac, Nouvelle-Aquitaine	France
S1-655802552	Odyssee Foyer	17 Cours des Aubiers, Bordeaux, Nouvelle-Aquitaine	France
S1-788563249	Football Agricole	Nouvelle-Aquitaine, Bordeaux, 130 Rue des Terres de Borde	France
S1-276402071	Solidarite Culturelle (France) SASU	5 Rue Lamartine, Lille, Hauts-de-France	France
S1-936869465	Voyage College SARL	51 Rue Croix de Seguey, Bordeaux, Nouvelle-Aquitaine	France
S1-133928599	Ets Son SARL	53 Route du Château de Beauregard, Saint-Nazaire, Pays de la Loire	France
S1-871112769	École primaire du Hj	36 Rue des Trois Rois, Nantes, Pays de la Loire	France
S1-857992844	Inspecteurs & Cie	Hauts-de-France, Lille, 33 Rue de Thumesnil	France
S1-197043206	Collioure Compagnie SAS	59 Rue Anatole de la Forge, Lille, Hauts-de-France	France
S1-868105169	Collège Saint Jean	123 COUR2 de lYser, Bordeaux, Nouvelle-Aquitaine	France
S1-962993818	Ciron (France) Club	3 RUE Damremont, Nantes, Pays de la Loire	France
S1-608940471	Libres Boulangerie EI	41 Rue du Long Pot, Lille, Hauts-de-France	France
S1-907329636	Saint-Herblain Parents SAS	6 Rue de la Johardière, Saint-Herblain, Pays de la Loire	France
S1-545791724	Deleves Maison (France)	20 Avenue Jean Jaurès, Roubaix, Hauts-de-France	France
